price;uniq_id;currency;site_name;brand_name;category_1;category_2;category_3;highlights;description;ingredients;product_url;product_name;primary_image_url
32;01b1dab1f6d3a712;USD;sephora.com;First Aid Beauty;Skincare;Moisturizers;Face Creams;"[""Oil Free"", ""Vegan"", ""Radiant Finish"", ""Cruelty-Free"", ""Best for Normal Skin""]";What it is: An oil-free, illuminating formula that hydrates and primes while giving skin a natural, dewy glow. Skin Type: Normal and Dry Skincare Concerns: Fine Lines and Wrinkles, Pores, and Dullness Formulation: Lightweight Cream Highlighted Ingredients: - Coconut Water: Hydrates and replenishes skin. - Quinoa Protein: Protects, cares for, and strengthens the skin barrier. - Micro-Pearls: Amplify skin's natural radiance for a beautifully luminous effect. Ingredient Callouts: This product is vegan, gluten-free, cruelty-free, and comes in recyclable packaging. What Else You Need to Know: Makeup meets skincare with this two-in-one moisturizer and primer. Light-reflecting micro-pearls give a luminous, dewy glow. Wear this on its own for a natural look or use as a primer to lock makeup in place. Clinical Results: In a consumer perception study with 42 participants, after immediate use: - 95% said skin felt hydrated, and that they would wear this with makeup or alone for a natural look;"[{""ingredients"": ""-Coconut Water: Hydrates and replenishes skin. -Quinoa Protein: Protects, cares for, and strengthens the skin barrier. -Micro-Pearls: Amplify skin's natural radiance for a beautifully luminous effect. Cocos Nucifera (Coconut) Fruit Juice, Glucose, Maltodextrin, C12-15 Alkyl Benzoate, Aqua (Water, Eau), Dimethicone, Butylene Glycol, Glycerin, Caprylic/Capric Triglyceride, Mica, Sodi-um Acrylate/Sodium Acryloyldimethyl Taurate Copolymer, Cocos Nucifera (Coconut) Fruit Ex-tract, Hydrolyzed Quinoa, Selaginella Lepidophylla Extract, Pyrus Malus (Apple) Fruit Extract, Prunus Armeniaca (Apricot) Fruit Extract, Saccharomyces/Zinc Ferment, Saccharomyces/Silicon Ferment, Saccharomyces/Magnesium Ferment, Saccharomyces/Iron Ferment, Saccharomyces/Copper Ferment, Dipteryx Odorata Seed Extract, Coffea Arabica (Coffee) Seed Extract, Vanilla Planifolia Fruit Extract, Glycyrrhiza Glabra (Licorice) Root Extract, Chrysanthemum Parthenium (Feverfew) Extract, Camellia Sinensis Leaf Extract, Tocopherol, Lactobacillus Ferment, Leuconostoc/Radish Root Ferment Filtrate, Sorbitan Oleate, Ethylhexylglycerin, Dimethicone Crosspolymer, Acrylates/C10-30 Alkyl Acrylate Crosspolymer, Polysorbate 80, Isohexadecane, Sodium Benzoate, Potassium Sorbate, Phenoxyethanol, Sodi-um Hydroxide, Disodium EDTA, Tin Oxide, CI 77891 (Titanium Dioxide), CI 77491 (Iron Oxides)..""}]";https://www.sephora.com/product/hello-fab-coconut-skin-smoothie-priming-moisturizer-P415237?skuId=2532075;Hello FAB Coconut Skin Smoothie Priming Moisturizer;https://www.sephora.com/productimages/sku/s2532075-main-zoom.jpg
16;01d14b4c9da2dea4;USD;sephora.com;Dr. Jart+;Skincare;Lip Balms & Treatments;;"[""Without Parabens"", ""Hydrating"", ""Good for: Dryness"", ""Best for Dry, Combo, Normal Skin""]";What it is: An intensely moisturizing lip balm infused with Ceramide NP that softens skin faster than you can say mwah and keeps lips looking healthy. Dermatologist tested. Skin Type: Normal, Dry, Combination, and Oily Skincare Concerns: Dryness Highlighted Ingredients: - Ceramide NP Ingredient Callouts: Free of parabens, phthalates, mineral oil, and sulfates SLS & SLES. What Else You Need to Know: This jelly-like balm with ceramides delivers skincare to dry lips. It conditions dry, tight lips with a moisturizing layer and primes skin for lipstick or gloss. A smooth, angled edge lets the hydrating formula squeeze out and glide on with ease. Clinical Results: Clinically shown to: + Boost moisture by 51%* + Quickly relieve dry lips *Clinical testing conducted by third-party institute on 32 women, 1 hour after using the product once. Effect varies by individual.;"[{""ingredients"": ""-Ceramide NP Phytosteryl/Isostearyl/ Cetyl/Stearyl/Behenyl Dimer Dilinoleate, Diisostearyl Malate, Pentaerythrityl Tetraethylhexanoate, Hydrogenated Polyisobutene, Polyglyceryl-2 Isostearate/Dimer Dilinoleate Copolymer, Ceresin, Ethylhexyl Stearate, Tribehenin, Caprylic/Capric/Myristic/Stearic Triglyceride, Silica Dimethyl Silylate, Ethylene/Propylene/ Styrene Copolymer, Polymethylsilsesquioxane, Vp/Hexadecene Copolymer, Ceramide Np, Butylene/Ethylene/Styrene Copolymer, Hippophae Rhamnoides Oil, Pentaerythrityl Tetra-Di-T-Butyl Hydroxyhydrocinnamate, Dehydroacetic Acid.""}]";https://www.sephora.com/product/dr-jart-ceramidin-tm-hydrating-ceramide-lip-balm-for-dry-lips-P511549?skuId=2765097;"Ceramidin&#8482; Hydrating Ceramide Lip Balm for Dry Lips";https://www.sephora.com/productimages/sku/s2765097-main-zoom.jpg
30;0691a1a24636f480;USD;sephora.com;Caudalie;Skincare;Cleansers;Face Wash & Cleansers;"[""Vegan"", ""Clean + Planet Aware"", ""Good for: Dryness""]";What it is: A soap-free, no-rinse micellar water that removes makeup, cleanses, hydrates, and soothes skin in one step for a fresh, clean complexion. Skin Type: Normal, Dry, Combination, and Oily Skincare Concerns: Dryness, Redness, and Dullness Formulation: Liquid Highlighted Ingredients: - Grape Water: Moisturizes and soothes. - Chamomile: Soothes and reduces the appearance of redness. Ingredient Callouts: This product is vegan . What Else You Need to Know: This highly natural, vegan cleansing water removes makeup and cleanses the face in one step. Packed with grape water to moisturize and soothe even the most sensitive skin, it efficiently removes makeup from the face while protecting its natural moisture barrier. Skin is left clean and feeling soft and comfortable. Products formulated without certain ingredients, including parabens, sulfates, phthalates, and mineral oils, from brands that have met our specific criteria for ingredient sourcing and formulation, packaging, environmental commitments, and consumer transparency. Learn more here .;"[{""ingredients"": ""-Organic Grape Water: Moisturizes and decreases sensitivity. -Organic Chamomile Extract: Reduces redness and soothes the skin. -Plant Glycerin: Moisturizes and softens. Water, Glycerin*, Poloxamer 188, Vitis Vinifera (Grape) Fruit Water*, Heptyl Glucoside*, Capryl/Capramidopropyl Betaine, Sodium Levulinate*, Sodium Anisate*, Sodium Chloride, Fragrance, Chamomilla Recutita (Matricaria) Flower Extract*, Citric Acid*, Vitis Vinifera (Grape) Juice*, Sodium Benzoate, Potassium Sorbate (067/178) *Plant origin. The list of ingredients is subject to change, please consult the packaging of the product purchased.""}]";https://www.sephora.com/product/micellar-cleansing-water-P381020?skuId=2062495;Vinoclean Cleansing Micellar Water;https://www.sephora.com/productimages/sku/s2062495-main-zoom.jpg?pb=clean-planet-aware
22;06b228b120d6f792;USD;sephora.com;LANEIGE;Skincare;Lip Balms & Treatments;;"[""Peptide"", ""Good for: Loss of firmness"", ""Without Parabens"", ""Good for: Dryness""]";What it is: A nourishing, tinted Korean lip serum with donut-inspired shades and flavors for visibly plump lips with a buildable high-shine finish. Skin Type: Normal, Dry, Combination, and Oily Skincare Concerns: Dryness, Dullness, and Loss of Firmness and Elasticity Formulation: Serum Highlighted Ingredients: - Polypeptide: Visibly plumps. - Argan Ceramides: Nourish and support the lip moisture barrier. - Polyglutamic Acid (PGA): Retains and attracts moisture. Ingredient Callouts: Free of parabens, formaldehydes, formaldehyde-releasing agents, phthalates, mineral oil, retinyl palmitate, oxybenzone, coal tar, hydroquinone, sulfates SLS & SLES, triclocarban, triclosan, and contains less than one percent synthetic fragrance. It is also gluten-free. What Else You Need to Know: Infused with 95 percent skincare ingredients, this tinted serum quickly nourishes the lip moisture barrier and provides up to 12 hours of hydration. Available in an array of buildable shades, it has a unique, plush-feeling donut applicator that coats lips evenly. o Sugar Glaze: Nude Beige o Peach Glaze: Peachy Coral o Cinnamon Sugar: Mauve Pink o Chocolate Frosting: Warm Brown Clinical Results: In an instrumental test with 30 women, after 1 use: - It provided 12-hour hydration In an instrumental test with 30 women, with daily use: Immediately: - Lips were 31% firmer - Lips were 39% plumper - Lip transepidermal water loss (TEWL) decreased by 23% After 1 week: - Lip wrinkles improved by 36% - Lips were 38% plumper - Lips were 41% less flaky In a clinical self-assessment of 30 women, with daily use: Immediately: - 100% agreed the formula provided a shiny, glazed finish in 1 swipe - 96% loved the feel of the applicator - 96% agreed lips looked plumped and felt pillowy 1 week after use: - 100% agreed it hydrated lips like a skincare serum - 100% agreed lips looked healthier and smoother - 93% agreed lips looked fuller - 93% agreed lips felt plumped with hydration;"[{""ingredients"": ""-Polypeptide: Volumizes. -Argan Ceramides: Nourish and support the lip moisture barrier. -Polyglutamic Acid (PGA): Retains and attracts moisture. DIISOSTEARYL MALATE, BIS-BEHENYL/ISOSTEARYL/PHYTOSTERYL DIMER DILINOLEYL DIMER DILINOLEATE, BIS-DIGLYCERYL POLYACYLADIPATE-2, HYDROGENATED POLYISOBUTENE, OCTYLDODECANOL, MICROCRYSTALLINE WAX / CERA MICROCRISTALLINA / CIRE MICROCRISTALLINE, SYNTHETIC WAX, FRAGRANCE / PARFUM, PUNICA GRANATUM SEED OIL, TITANIUM DIOXIDE (CI 77891), SILICA DIMETHYL SILYLATE, POLYGLYCERYL-2 TRIISOSTEARATE, BENZYL BENZOATE, RED 7 LAKE (CI 15850), WATER / AQUA / EAU, RED 6 (CI 15850), TOCOPHEROL, SQUALANE, CERAMIDE NP, GLYCINE MAX (SOYBEAN) POLYPEPTIDE, 1,2-HEXANEDIOL, PROPYLENE GLYCOL, BUTYLENE GLYCOL, POLYGLUTAMIC ACID, SODIUM HYALURONATE, ETHYLHEXYLGLYCERIN""}]";https://www.sephora.com/product/glaze-craze-tinted-polypeptide-lip-serum-P515527?skuId=2860054;Glaze Craze Tinted Polypeptide Lip Serum;https://www.sephora.com/productimages/sku/s2860054-main-zoom.jpg
24;07c0714a0860b8cf;USD;sephora.com;Peter Thomas Roth;Skincare;Moisturizers;Face Creams;[];What it is: A broad-spectrum SPF 45 moisturizer with a unique water-cream texture and universal sheer tint. Skin Type: Normal, Dry, Combination, and Oily Skincare Concerns: Fine Lines, Wrinkles, and Dryness Formulation: Lightweight Cream Highlighted Ingredients: - 30% Hyaluronic Acid Complex: Moisturizes and helps keep skin hydrated during sun exposure. Ingredient Callouts: Free of parabens, formaldehydes, formaldehyde-releasing agents, phthalates, mineral oil, retinyl palmitate, oxybenzone, coal tar, hydroquinone, sulfates SLS & SLES, triclocarban, triclosan, and contains less than one percent synthetic fragrance. What Else You Need to Know: This nongreasy, cream-to-water SPF 45 moisturizer drenches skin with a hydrating 30% Hyaluronic Acid Complex. It also contains Pentavitin to provide hydration for up to 72 hours while a 5% SunBoost ATB helps boost sun protection. The universal sheer tint provides an even-toned, complexion-enhancing glow. Clinical Results: Based on a clinically measured study on 41 women, ranging in age from 41 to 65: -100% showed immediate skin hydration improvement Based on an immediate consumer-perception study on 41 women, ranging in age from 41 to 65: -100% agreed skin immediately appeared full of moisture -100% agreed skin immediately felt soft -97% agreed this product did not leave a white cast;"[{""ingredients"": ""-30% Hyaluronic Acid Complex: Moisturizes and helps keep skin hydrated during sun exposure. Avobenzone 3%, Homosalate 5%, Octisalate 5%, Octocrylene 10%, Water/Aqua/Eau, Dimethicone, Glycerin, Dipropylene Glycol, Polymethylsilsesquioxane, Argania Spinosa Kernel Oil, Tocopheryl Acetate, Dimethicone/PEG-10/15 Crosspolymer, Phenoxyethanol, Titanium Dioxide/CI 77891, Lauryl PEG-9 Polydimethylsiloxyethyl Dimethicone, Saccharide Isomerate, Isododecane, Methyl Gluceth-20, Coco-Caprylate/Caprate, Bisabolol, Sodium Chloride, Sodium Hyaluronate, PEG-15/Lauryl Dimethicone Crosspolymer, Sodium PCA, Polyglyceryl-6 Polyricinoleate, Polyhydroxystearic Acid, Iron Oxides/CI 77492, Iron Oxides/CI 77491, Iron Oxides/CI 77499, Yeast Extract, Dilinoleic Acid/Butanediol Copolymer, Disodium Stearoyl Glutamate Trisiloxane, Propylene Glycol, Ceteareth-25, Potassium Sorbate, Sodium Benzoate, Castor Oil/IPDI Copolymer, Sodium Citrate, Citric Acid, Cetyl Alcohol, Ethylhexylglycerin, Saccharomyces/Magnesium Ferment, Sambucus Nigra Fruit Extract, Behenic Acid, Ceramide NP, Cholesterol, Mica, Ceramide NS, Saccharomyces/Iron Ferment, Saccharomyces/Copper Ferment, Saccharomyces/Silicon Ferment, Saccharomyces/Zinc Ferment, Butylene Glycol, Ceramide AP, Ceramide EOP, Ceramide EOS, Tocopherol, Olea Europaea (Olive) Leaf Extract, Caprooyl Phytosphingosine, Caprooyl Sphingosine.""}]";https://www.sephora.com/product/water-drench-broad-spectrum-spf-45-hyaluronic-moisturizer-P516471?skuId=2866028;Water Drench Broad Spectrum SPF 45 Hyaluronic Moisturizer;https://www.sephora.com/productimages/sku/s2866028-main-zoom.jpg
46;09d40dd1bb31c809;USD;sephora.com;Kate Somerville;Skincare;Sunscreen;Face Sunscreen;"[""Reef Safe SPF"", ""Cruelty-Free"", ""Good for: Dryness"", ""SPF"", ""Vegan"", ""Best for Dry, Combo, Normal Skin""]";What it is: A lightweight, fast-absorbing sun protection packed with skincare benefits that applies with no white cast. Skin Type: Normal, Dry, Combination, and Oily Skincare Concerns: Dryness Highlighted Ingredients: - 24.5% Non-Nano Zinc Oxide: Forms a physical barrier on skin to reflect harmful UV rays. - Ectoin: Protects skin from damage and adds a boost of hydration. - Sheer Mineral Pigments: A universal tint that adds radiance and visibly evens out skin tone. Ingredient Callouts: Free of parabens, formaldehydes, formaldehyde-releasing agents, phthalates, mineral oil, retinyl palmitate, oxybenzone, coal tar, hydroquinone, sulfates SLS & SLES, triclocarban, triclosan, and contains less than one percent synthetic fragrance. It is also cruelty-free. What Else You Need to Know: This clinical-grade 24.5% non-nano zinc oxide formula offers high protection without any white cast. Infused with sheer mineral pigments, it seamlessly blends into your skin while ectoin soothes and hydrates for an even-looking, illuminating finish.;"[{""ingredients"": ""-24.5% Non-Nano Zinc Oxide: Forms a physical barrier on skin to reflect harmful UV rays. -Ectoin: Protects skin from damage and adds a boost of hydration. -Sheer Mineral Pigments: A universal tint that adds radiance and visibly evens out skin tone. Zinc Oxide (24.5%), C13-15 Alkane, Aqua/Water/Eau, Ethyl Macadamiate, Caprylic/Capric Triglyceride, Polyhydroxystearic Acid, Propanediol, Polyglyceryl-4 Diisostearate/Polyhydroxystearate/Sebacate, Polyglyceryl-3 Polyricinoleate, Ectoin, Hydroxyectoin, Istostearic Acid, Lecithin, Trisodium Ethylenediamine Disuccinate, Quaternium-90 Bentonite, Lavandula Angustifolia (Lavender) Oil, Citrus Aurantium Dulcis (Orange) Peel Oil, Triethyl Citrate, Tocopherol, Malic Acid, Stearyl Triethoxysilane, Sodium Chloride, Ethylhexylglycerin, Phenoxyethanol, Iron Oxide (CI 77491), Iron Oxide (CI 77492), Iron Oxide (CI 77499).""}]";https://www.sephora.com/product/kate-somerville-hydrakate-illuminating-spf-50-drops-with-ectoin-P511462?skuId=2755817;"Hydrakate Illuminating Sunscreen SPF 50+ Drops with Ectoin						";https://www.sephora.com/productimages/sku/s2755817-main-zoom.jpg
69;0a5e54f43ecd736a;USD;sephora.com;Bobbi Brown;Skincare;Moisturizers;Face Creams;"[""Plumping"", ""Hyaluronic Acid"", ""Vitamin C"", ""Hydrating"", ""Gluten Free"", ""Without Parabens""]";What it is: A bestselling hydrating primer and moisturizer that nourishes, plumps, and preps skin to improve the look of foundation. Highlighted Ingredients: - Vitamins B, C, and E: Help replenish and condition skin with essential nourishment. - Hyaluronic Acid, Squalane, and Shea Butter: Help quickly hydrate, visibly plump, and prep skin for a fresh, healthy-looking glow. - Grapefruit and Geranium: Leave a light, uplifting scent on skin. Ingredient Callouts: Free of parabens, phthalates, and sulfates SLS & SLES. It is also gluten-free. What Else You Need to Know: This hydrating formula blends the performance of a makeup primer with the cushion of a moisturizer. The rich yet lightweight and fast-absorbing texture layers seamlessly with makeup and other skincare products and grips foundation for smooth, seamless application. Clinical Results: From consumer testing on 123 women after using product for 1 week: - 98% said it left skin looking rejuvenated - 96% said it left skin feeling nourished and conditioned - 96% said it left skin feeling moisturized throughout the day - 96% said it left skin looking healthy. - 95% said it left skin feeling healthy and infused with moisture. - 95% said it gripped makeup for flawless application. - 95% said it layers well with makeup, helping makeup apply smoothly and evenly. - 93% said if left skin feeling plumped. - 91% said it improved the look of foundation.;"[{""ingredients"": ""-Vitamins B, C, and E: Help replenish and condition skin with essential nourishment. -Hyaluronic Acid, Squalane, and Shea Butter: Help quickly hydrate, visibly plump, and prep skin for a fresh, healthy-looking glow. -Grapefruit and Geranium: Leave a light, uplifting scent on skin. Water\\Aqua\\Eau, Cyclopentasiloxane, Bis-Diglyceryl Polyacyladipate-2, Butylene Glycol, Ppg-2 Myristyl Ether Propionate, Cetyl Alcohol, Peg-40 Stearate, Butyrospermum Parkii (Shea Butter), Squalane, Glyceryl Stearate, Sorbitan Stearate, Epilobium Angustifolium Extract, Yeast Extract\\Faex\\Extrait De Levure, Beta-Carotene, Sodium Hyaluronate, Citrus Grandis (Grapefruit) Peel Oil, Tocopheryl Acetate, Methyl Glucose Sesquistearate, Pelargonium Graveolens (Geranium) Flower Oil, Dimethicone Crosspolymer, Acrylates/C10-30 Alkyl Acrylate Crosspolymer, Carbomer, Peg-20 Methyl Glucose Sesquistearate, C12-15 Alkyl Ethylhexanoate, Tetrasodium Edta, Sodium Hydroxide, Panthenol, Magnesium Ascorbyl Phosphate, Limonene, Citronellol, Geraniol, Linalool, Chlorphenesin, Phenoxyethanol. Please be aware that ingredient lists may change or vary from time to time. Please refer to the ingredient list on the product package you receive for the most up-to-date list of ingredients.""}]";https://www.sephora.com/product/vitamin-enriched-face-base-P270594?skuId=1292820;Vitamin Enriched Face Base Moisturizer & Primer with Vitamin C + Hyaluronic Acid;https://www.sephora.com/productimages/sku/s1292820-main-zoom.jpg
28;0d5033f9f107639b;USD;sephora.com;MILK MAKEUP;Skincare;Eye Care;Eye Creams & Treatments;"[""Hydrating"", ""Gluten Free"", ""Vegan"", ""Clean at Sephora""]";What it is: A cooling under-eye stick with a solid gel texture that helps visibly reduce the look of puffiness with caffeine and hydrates for a refreshed look. Highlighted Ingredients: - Caffeine: Reduces the appearance of puffiness. - Seawater: Soothes and hydrates. Ingredient Callouts: This product is vegan, cruelty-free, and gluten-free, and comes in recyclable packaging. What Else You Need to Know: Give tired under eyes an instant pick-me-up. Milk Makeup's OG solid gel cooling under-eye stick is infused with caffeine to help visibly reduce the look of puffiness and seawater to help soothe and hydrate delicate under-eye skin. Swipe on for a quick refresh and store in the fridge for extra chill. Clean at Sephora is our commitment to offering effective products without certain ingredients, such as parabens, sulfates, phthalates, and mineral oils. Learn more here .;"[{""ingredients"": ""Aqua/Water/Eau, Propanediol, Bis-PEG-18 Methyl Ether Dimethyl Silane, Sodium Stearate, Aloe Barbadensis Leaf Juice, Kappaphycus Alvarezii Extract, Maris Aqua/Sea Water/Eau de Mer, Caffeine, Glycerin, Stearic Acid, Nylon-12, Sodium Sulfate, Sodium Chloride, Citric Acid, Potassium Sorbate, Sodium Benzoate, Chlorphenesin, Phenoxyethanol, Blue 1 (CI 42090) The list of ingredients is subject to change, please consult the packaging of the product purchased.""}]";https://www.sephora.com/product/cooling-water-P404795?skuId=1782085;Cooling Water Solid Gel Under-Eye Stick with Caffeine;https://www.sephora.com/productimages/sku/s1782085-main-zoom.jpg?pb=clean-at-sephora
56;0e78385d714ac246;USD;sephora.com;Peter Thomas Roth;Skincare;Sunscreen;Face Sunscreen;"[""Without Oxybenzone"", ""Good for: Anti-Aging"", ""Good for: Dryness"", ""Ceramide"", ""SPF"", ""Hyaluronic Acid""]";What it is: A broad-spectrum SPF 45 sunscreen with a hydrating 30 percent hyaluronic acid complex and an adaptable, sheer tint that blends into all skin tones. Skin Type: Normal, Dry, Combination, and Oily Skincare Concerns: Fine Lines and Wrinkles and Dryness Formulation: Lightweight Cream Highlighted Ingredients: - Broad-Spectrum SPF 45: Contains water-resistant sunscreens to shield skin from aging UVA/UVB rays. - Pentavitin®: Provides up to 72 hours of hydration. - Hyaluronic Acid Complex 30%: Moisturizes and keeps skin hydrated during sun exposure. Ingredient Callouts: Free of parabens, formaldehydes, formaldehyde-releasing agents, phthalates, mineral oil, retinyl palmitate, oxybenzone, coal tar, hydroquinone, sulfates SLS & SLES, triclocarban, triclosan, and contains less than one percent synthetic fragrance. What Else You Need to Know: This nongreasy, cream-to-water, tinted SPF 45 sunscreen hydrates with a 30 percent hyaluronic acid complex. Pentavitin® provides hydration for up to 72 hours while fiveercent SunBoost ATB™ boosts sun protection. The adaptable tint blends in immediately for a smoother, more even-toned complexion. Clinical Results: In a clinically measured study on 41 women (ages 41 to 65): -100% showed an immediate improvement in skin hydration In an immediate and 1-week consumer-perception study on 41 women (ages 41 to 65): - 97% agreed skin immediately had a healthy glow - 97% agreed this product did not leave a white cast - 95% agreed skin appeared radiant In a 28-day study applying a 1% Pentavitin® formulation: - Skin remained hydrated for 72 ho;"[{""ingredients"": ""-Broad-Spectrum SPF 45: Contains water-resistant sunscreens to shield skin from aging UVA/UVB rays. -Pentavitin\u00ae: Provides up to 72 hours of hydration. -Hyaluronic Acid Complex 30%: Moisturizes and keeps skin hydrated during sun exposure. Avobenzone 3%, Homosalate 5%, Octisalate 5%, Octocrylene 10%, Water/Aqua/Eau, Dimethicone, Glycerin, Dipropylene Glycol, Polymethylsilsesquioxane, Argania Spinosa Kernel Oil, Tocopheryl Acetate, Dimethicone/PEG-10/15 Crosspolymer, Phenoxyethanol, Titanium Dioxide/CI 77891, Lauryl PEG-9 Polydimethylsiloxyethyl Dimethicone, Saccharide Isomerate, Isododecane, Methyl Gluceth-20, Coco-Caprylate/Caprate, Bisabolol, Sodium Chloride, Sodium Hyaluronate, PEG-15/Lauryl Dimethicone Crosspolymer, Sodium PCA, Polyglyceryl-6 Polyricinoleate, Polyhydroxystearic Acid, Iron Oxides/CI 77492, Iron Oxides/CI 77491, Iron Oxides/CI 77499, Yeast Extract, Dilinoleic Acid/Butanediol Copolymer, Disodium Stearoyl Glutamate Trisiloxane, Propylene Glycol, Ceteareth-25, Potassium Sorbate, Sodium Benzoate, Castor Oil/IPDI Copolymer, Sodium Citrate, Citric Acid, Cetyl Alcohol, Ethylhexylglycerin, Saccharomyces/Magnesium Ferment, Sambucus Nigra Fruit Extract, Behenic Acid, Ceramide NP, Cholesterol, Mica, Ceramide NS, Saccharomyces/Iron Ferment, Saccharomyces/Copper Ferment, Saccharomyces/Silicon Ferment, Saccharomyces/Zinc Ferment, Butylene Glycol, Ceramide AP, Ceramide EOP, Ceramide EOS, Tocopherol, Olea Europaea (Olive) Leaf Extract, Caprooyl Phytosphingosine, Caprooyl Sphingosine. The list of ingredients is subject to change, please consult the packaging of the product purchased.""}]";https://www.sephora.com/product/peter-thomas-roth-water-drench-r-hyaluronic-cloud-sheer-tint-moisturizer-broad-spectrum-spf-45-P511259?skuId=2743714;"Water Drench&#174; Hyaluronic Cloud Sheer Tint Moisturizer Broad Spectrum Sunscreen SPF 45";https://www.sephora.com/productimages/sku/s2743714-main-zoom.jpg
40;11b0b51a66fe8a8b;USD;sephora.com;Kosas;Skincare;Sunscreen;Face Sunscreen;"[""Non-Comedogenic"", ""Reef Safe SPF"", ""Hypoallergenic"", ""Radiant Finish"", ""Clean at Sephora"", ""Trending on Social""]";What it is: A clean, silicone-free, comfy mineral sunscreen packed with ceramides and peptides to moisturize, visibly smooth and brighten, and create the dreamiest makeup base. Highlighted Ingredients: - Mineral SPF: Protects with 21.7 percent non-nano zinc. - Peptides + Ceramides: Visibly plumps, smoothes and helps improve skin suppleness. -Hyaluronic Acid + Allantoin: Hydrates and soothes skin. Ingredient Callouts: This product is vegan, gluten-free, cruelty-free, and comes in recyclable packaging. What Else You Need to Know: Skincare with SPF 40 PA++++ meets dreamy makeup prep. This mineral sunscreen melts into skin so makeup applies smoothly and seamlessly. It visibly brightens, defends against signs of aging, and hydrates and soothes for softer, more supple skin. It is water-resistant, safe for sensitive skin, hypoallergenic, and non-acnegenic.. This mineral sunscreen with 21.7% non-nano zinc oxide provides an optimal physical SPF barrier. The peachy-pink hue in the original DreamBeam helps neutralize zinc oxide's natural bluish-white color. DreamBeam Sunlit offers a soft golden hue for a warm vacation glow. Clinical Results: Based on a consumer study of 33 men and women ages 18-80 after using DreamBeam for 28 days -100% agreed skin looks smoother, brighter, and more radiant* - 100% agreed this product feels lightweight, doesn't feel or look greasy, doesn't clog pores* - 100% saw saw clinically measurable improvement in: hydration**, firmness***, skin quality and clarity**** based on a consumer study*, corneometer measurement**, cutometer measurement*** and visual grading**** of 33 men and women, after using Dreambeam for 28 days Clean at Sephora is our commitment to offering effective products without certain ingredients, such as parabens, sulfates, phthalates, and mineral oils. Learn more here .;"[{""ingredients"": ""-Mineral SPF: Protects with 21.7 percent non-nano zinc. - Peptides + Ceramides: Visibly plumps, smoothes and helps improve skin suppleness. -Hyaluronic Acid + Allantoin: Hydrates and soothes skin.H6 Active Ingredient: Zinc Oxide (21.7%) Water/Aqua, C13-15 Alkane, Caprylic/Capric Triglyceride, Butyloctyl Salicylate, Propanediol, Mica, Polyglyceryl-2 Dipolyhydroxystearate, Polyglyceryl-3 Diisostearate, Silica, C12-C15 Alkyl Benzoate, Polyglyceryl-3 Polyricinoleate, Galactoarabinan, Allantoin, Fructooligosaccharides, Bioflavonoids, Glycoproteins, Bisabolol, Ceramide NG, Lactic Acid, Sodium Hyaluronate, Palmitoyl Hexapeptide-12, Cyamopsis Tetragonoloba (Guar) Gum, Tocopheryl Acetate, Disteardimonium Hectorite, Glycerin, Polyhydroxystearic Acid, Tribehenin, Isostearic Acid, Lecithin, Xanthan Gum, Sodium Chloride, Phytic Acid, Pentylene Glycol, Phenethyl Alcohol, [May Contain: Titanium Dioxide (CI 77891), Iron Oxide (CI 77491), Iron Oxide (CI 77492)]. The list of ingredients is subject to change, please consult the packaging of the product purchased.""}]";https://www.sephora.com/product/dreambeam-moisturizing-mineral-sunscreen-spf-40-with-ceramides-and-peptides-P505327?skuId=2674133;DreamBeam Silicone-Free Mineral Sunscreen SPF 40 with Ceramides and Peptides;https://www.sephora.com/productimages/sku/s2674133-main-zoom.jpg?pb=clean-at-sephora
26;128b671f3f32921c;USD;sephora.com;LANEIGE;Skincare;Lip Balms & Treatments;;"[""Hyaluronic Acid"", ""Peptide"", ""Good for: Loss of firmness"", ""Good for: Dryness"", ""Collagen""]";What it is: An intensive lip treatment packed with collagen, ceramides, and hyaluronic acid to visibly firm, plump, and provides lasting hydration. Skin Type: Normal, Dry, Combination, and Oily Skincare Concerns: Dryness, Dullness, and Loss of Firmness and Elasticity Formulation: Gel Highlighted Ingredients: - Peony & Collagen Complex™ and Peptides: Revitalize and visibly firm the skin while promoting skin’s natural collagen. - Ceramide Capsules: Nourishing and barrier-strengthening . - 5D Hyaluronic Acid: Five molecular weights of hyaluronic acid provide multi-faceted hydration. Ingredient Callouts: Free of parabens, formaldehydes, formaldehyde-releasing agents, phthalates, mineral oil, retinyl palmitate, oxybenzone, coal tar, hydroquinone, sulfates SLS & SLES, triclocarban, triclosan, and contains less than one percent synthetic fragrance. It is also gluten-free. What Else You Need to Know: Not your ordinary lip balm, this elevated formula is packed with powerful ingredients like LANEIGE’s proprietary & Collagen Complex, peptides, ceramides, and 5D hyaluronic acid to deliver rapid and long-term benefits for visibly plumper, firmer, healthy-looking lips now and for the future. It’s also sensitive lip tested, hypoallergenic, and dermatologist tested. Clinical Results: Based on a 4-week clinical study on 32 women ages 20-49, after 4 weeks, lips appeared: - 38% plumper - 24% firmer - 22% more smooth Based on the self-assessment portion of a 4-week clinical study 32 women ages 20-49, immediately after use: - 93% saw overall improvement in lip appearance and agreed lips felt nourished - 90% agreed lips looked firmer and lip moisture barrier felt improved - 84% agreed lips looked plump;"[{""ingredients"": ""-Peony & Collagen Complex\u2122 and Peptides: Revitalize and visibly firm the skin while promoting skin\u2019s natural collagen. -Ceramide Capsules: Nourishing and barrier-strengthening . -5D Hyaluronic Acid: Five molecular weights of hyaluronic acid provide multi-faceted hydration. Hydrogenated Poly(C6-14 Olefin), Hydrogenated Polyisobutene, Ethylene/Propylene/Styrene Copolymer, Caprylic/Capric Triglyceride, Tocopheryl Acetate, Squalane, Water / Aqua / Eau, Stearyl Alcohol, Lithospermum Erythrorhizon Root Extract, Cetyl Alcohol, Fragrance / Parfum, Butylene/Ethylene/Styrene Copolymer, Myristyl Alcohol, Hydrogenated Olive Oil Cetyl Esters, Oryza Sativa (Rice) Bran Wax, Hydrogenated Lecithin, Butylene Glycol, Citronellol, Pentaerythrityl Tetra-Di-T-Butyl Hydroxyhydrocinnamate, Menthoxypropanediol, Linalool, 1,2-Hexanediol, Geraniol, Limonene, Cholesterol, Iron Oxides (Ci 77492), Hexyl Cinnamal, Ceramide Np, Propanediol, Palmitic Acid, Stearic Acid, Glycine Max (Soybean) Polypeptide, Sodium Hyaluronate, Ethylhexylglycerin, Disodium Edta, Hydrolyzed Collagen, Hydrolyzed Hyaluronic Acid, Sodium Hyaluronate Crosspolymer, Hyaluronic Acid, Paeonia Albiflora Root Extract, Sodium Acetylated Hyaluronate, Paeonia Albiflora Flower Extract.""}]";https://www.sephora.com/product/laneige-bouncy-firm-plumping-lip-treatment-P513177?skuId=2743102;Bouncy & Firm Plumping Lip Treatment;https://www.sephora.com/productimages/sku/s2743102-main-zoom.jpg
38;13610a8e664b95bc;USD;sephora.com;NUDESTIX;Skincare;Moisturizers;BB & CC Cream;"[""Vegan"", ""Good for: Anti-Aging"", ""Without Parabens"", ""UV Protection"", ""Without Sulfates SLS & SLES"", ""Niacinamide"", ""Clean at Sephora""]";What it is: A light, hydrating, and oil-free SPF lotion, rich in vegan-powered extracts to help protect against free radicals as well as blue light. Coverage: Light Finish: Natural Formulation: Liquid SPF: SPF 30 Highlighted Ingredients: - Purple Tea Extract: Antioxidants defend against free radicals. - Green Algae Extract: A natural source of niacinamide that provides moisturizing properties. - Passionflower Extract: Protects the skin from the adverse effects of atmospheric pollutants. Ingredient Callouts: Free of parabens, phthalates, sulfates SLS & SLES, and contains less than one percent synthetic fragrance. It is also gluten-free and cruelty-free. What Else You Need to Know: This 100 percent reef-safe mineral sunscreen with 15 percent non-nano zinc oxide contains no chemical sunscreen actives. It comes in an airless pump-tube that protects the formula and active stability, is easy to dispense, and on-the-go ready. Clean at Sephora is our commitment to offering effective products without certain ingredients, such as parabens, sulfates, phthalates, and mineral oils. Learn more here .;"[{""ingredients"": ""-Purple Tea Extract: Antioxidants defend against free radicals. -Green Algae Extract: A natural source of niacinamide that provides moisturizing properties. -Passionflower Extract: Protects the skin from the adverse effects of atmospheric pollutants. Zinc Oxide 15% Inactive Ingredients/Ingr\u00e9dients Inactifs:Aqua/Water/Eau, Coconut Alkanes, Caprylic/Capric Triglyceride, Propanediol, Polyglyceryl-4Diisostearate/Polyhydroxystearate/Sebacate, Coco-Caprylate/Caprate, Methyl Dihydroabietate, Spirulina Platensis Extract, C13-15 Alkane, Sodium Chloride, Octyldodecanol, Distarch Phosphate, Isostearic Acid, Polyhydroxystearic Acid, Iron Oxides (Ci 77492), Quaternium-90 Bentonite, 1,2-Hexanediol, Benzyl Alcohol, Hydroxyacetophenone, Zinc Stearate, Ethyl Ferulate, Iron Oxides (Ci 77491), Butylene Glycol, Triethyl Citrate, Mica, Iron Oxides (Ci 77499), Passiflora Edulis Fruit Extract, Titanium Dioxide, Sorbitan Oleate, Camellia Sinensis Leaf Extract . . The list of ingredients is subject to change, please consult the packaging of the product purchased.""}]";https://www.sephora.com/product/nudestix-nudescreen-daily-mineral-veil-spf-30-P481828?skuId=2647675;Nudescreen - Mineral Sunscreen SPF 30;https://www.sephora.com/productimages/sku/s2647675-main-zoom.jpg?pb=clean-at-sephora
42;137904e0de604042;USD;sephora.com;Peter Thomas Roth;Skincare;Treatments;Face Serums;"[""Good for: Uneven Texture"", ""Hyaluronic Acid"", ""Fragrance Free"", ""Good for: Anti-Aging"", ""Best for Dry, Combo, Normal Skin"", ""Good for: Loss of firmness""]";What it is: A hydrating, priming, illuminating serum that visibly lifts and defines your skin right away while sculpting its appearance over time. Skin Type: Normal, Dry, Combination, and Oily Skincare Concerns: Dullness, Uneven Texture, and Loss of Firmness and Elasticity Formulation: Lightweight Serum Highlighted Ingredients: - Actigym™ Clinical Contouring Technology 5%: Sculpts the look of skin over time. - Illuminating Minerals and Diamond Powder: Impart a sheer- and natural-looking glow. - Hyaluronic Acid and Shea Butter: Hydrate and moisturize for a fresh, radiant look. Ingredient Callouts: Free of parabens, formaldehydes, formaldehyde-releasing agents, phthalates, mineral oil, retinyl palmitate, oxybenzone, coal tar, hydroquinone, sulfates SLS & SLES, triclocarban, triclosan, and contains less than one percent synthetic fragrance. What Else You Need to Know: This serum leaves skin radiant right away with Illuminating minerals and diamond powder. It also sculpts skin’s appearance over time with a fiercent concentration of Actigym™ Clinical Contouring Technology. It visibly blurs imperfections, preps skin for makeup, and imparts a glow-filtered, no-makeup look. Clinical Results: In a 4-week, clinically measured study on 36 women (ages 29 to 55), after 1 week: - This product improved the look of skin’s firmness In a consumer-perception study with 36 women (ages 29 to 55), users immediately agreed: - Skin appeared healthy, radiant, and glowy - Skin felt firm and fresh In a 4-week consumer-perception study with 36 women (ages 29 to 55): - 94% agreed skin felt hydrated and soft - 92% agreed skin appeared illuminated - 92% agreed this product provided a perfect canvas for ma;"[{""ingredients"": ""-Actigym\u2122 Clinical Contouring Technology 5%: Sculpts the look of skin over time. -Illuminating Minerals and Diamond Powder: Impart a sheer- and natural-looking glow. -Hyaluronic Acid and Shea Butter: Hydrate and moisturize for a fresh, radiant look. Water/Aqua/Eau, Glycerin, Butylene Glycol, Isononyl Isononanoate, Citrus Aurantium Bergamia (Bergamot) Fruit Water, Dimethicone, Butyrospermum Parkii (Shea) Butter, Caprylic/Capric Triglyceride, Glyceryl Stearate, Polyglyceryl-6 Distearate, Cetearyl Alcohol, Sorbitan Stearate, Isostearyl Alcohol, Mica, Butylene Glycol Cocoate, Bacillus/Soybean Ferment Extract, Diamond Powder, Niacinamide, Sodium Hyaluronate, Sodium Hydroxide, Citric Acid, Glutamic Acid, Glycine, Histidine, Isoleucine, Leucine, Lysine, Phenylalanine, Alanine, Arginine, Proline, Serine, Threonine, Tyrosine, Valine, Sodium Phytate, Sodium Lactate, Silica, Ethylcellulose, Potassium Sorbate, Sodium Benzoate, Hydroxyethylcellulose, Aspartic Acid, Disodium Phosphate, Polysorbate 60, Sodium Phosphate, Polysilicone-11, Titanium Dioxide, Ethylhexylglycerin, Dimethicone Crosspolymer, Carbomer, Polymethylsilsesquioxane, Iron Oxides/CI 77491, Phenoxyethanol. The list of ingredients is subject to change, please consult the packaging of the product purchased.""}]";https://www.sephora.com/product/peter-thomas-roth-instant-firmx-r-glow-filter-priming-serum-P510332?skuId=2762946;"Instant FIRMx&#174; Glow-Filter Priming Serum";https://www.sephora.com/productimages/sku/s2762946-main-zoom.jpg
19;148fb61a773a4286;USD;sephora.com;LANEIGE;Skincare;Lip Balms & Treatments;;"[""Without Phthalates"", ""High Shine Finish"", ""Hydrating"", ""Good for: Dryness"", ""Community Favorite"", ""Without Parabens""]";What it is: A lightweight, moisture-rich lip balm with shea and murumuru seed butters for extra soft, hydrated, kissable lips throughout the day. Skin Type: Normal, Dry, Combination, and Oily Skincare Concerns: Dryness and Dullness Formulation: Balm Highlighted Ingredients: - Shea and Murumuru Seed Butters: Moisturize and nourish. Ingredient Callouts: Free of parabens, formaldehydes, formaldehyde-releasing agents, phthalates, mineral oil, retinyl palmitate, oxybenzone, coal tar, hydroquinone, sulfates SLS & SLES, triclocarban, triclosan, and contains less than one percent synthetic fragrance. It is also vegan and gluten-free. What Else You Need to Know: The perfect daytime partner in crime to the cult-favorite Lip Sleeping Mask, Lip Glowy Balm is pocket size for easy, on-the-go application. These subtly tinted glossy balms contain shea and murumuru seed butters for powerful moisture-locking hydration. Clinical Results: In an independent consumer study of 50 women between the ages of 18-35: - Immediately after use, 98% agreed product applies smoothly - Immediately after use, 96% agreed lips feel nourished and well hydrated - After one week of use, 98% agreed lips look glossy & feel smoother;"[{""ingredients"": ""-Shea and Murumuru Seed Butters: Moisturize and nourish. Hydrogenated Polyisobutene, Phytosteryl/Isostearyl/Cetyl/Stearyl/Behenyl Dimer Dilinoleate, Diisostearyl Malate, Hydrogenated Poly(C6-14 Olefin), Polybutene, Phytosteryl Isostearyl Dimer Dilinoleate, Microcrystalline Wax / Cera Microcristallina / Cire Microcristalline, Butyrospermum Parkii (Shea) Butter, Sucrose Tetrastearate Triacetate, Ethylene/Propylene/Styrene Copolymer, Mica, Euphorbia Cerifera (Candelilla) Wax / Euphorbia Cerifera Cera / Cire De Candelilla, Astrocaryum Murumuru Seed Butter, Synthetic Wax, Fragrance / Parfum, Candelilla Wax Esters, Butylene/Ethylene/Styrene Copolymer, Methicone, Dehydroacetic Acid, Polyglyceryl-2 Triisostearate, Red 7 Lake (Ci 15850), Copernicia Cerifera (Carnauba) Wax / Copernicia Cerifera Cera / Cire De Carnauba, Red 6 (Ci 15850), Pentaerythrityl Tetra-Di-T-Butyl Hydroxyhydrocinnamate, Tocopherol, Water / Aqua / Eau, Propanediol, Lycium Chinense Fruit Extract, Rubus Idaeus (Raspberry) Fruit Extract, Vaccinium Angustifolium (Blueberry) Fruit Extract, Coffea Arabica (Coffee) Seed Extract, Sapindus Mukorossi Fruit Extract, Vaccinium Macrocarpon (Cranberry) Fruit Extract, Fragaria Chiloensis (Strawberry) Fruit Extract, Rubus Chamaemorus Seed Extract, Phenoxyethanol.""}]";https://www.sephora.com/product/glowy-lip-balm-P443563?skuId=2743342;Lip Glowy Lightweight Hydration Balm with Shea Butter;https://www.sephora.com/productimages/sku/s2743342-main-zoom.jpg
39;155e1360d9218097;USD;sephora.com;Lion Pose;Skincare;Sunscreen;Face Sunscreen;"[""Clean at Sephora"", ""Hydrating"", ""FSA/HSA Eligible"", ""Reef Safe SPF"", ""Best for Dry, Combo, Normal Skin"", ""Natural Finish""]";What it is: A powerful 100% mineral SPF that grips makeup and looks dewy with no white cast. Skin Type: Normal, Dry, Combination, and Oily Skincare Concerns: Dark Spots, Fine Lines and Wrinkles, and Loss of Firmness and Elasticity Formulation: Cream Highlighted Ingredients: - Super Zinc® Non-Nano Zinc Oxide: The sheerest form of zinc oxide that eliminates white cast and is reef safe. - Squalane: Keeps skin ultra-hydrated during sun exposure, leaving it looking radiant. - Glutathione: Powerful antioxidant tripeptide protects skin from free radical damage. Ingredient Callouts: Free of parabens, formaldehydes, formaldehyde-releasing agents, phthalates, mineral oil, retinyl palmitate, oxybenzone, coal tar, hydroquinone, sulfates SLS & SLES, triclocarban, triclosan, and contains less than one percent synthetic fragrance. It is also gluten-free, cruelty-free, and reef safe. What Else You Need to Know: This is a clinically proven formula that provides the highest UVA/UVB protection while leaving no white cast. Itnga mineral and reef-safe formula that is packed with glutathione, a powerful antioxidant, and moisture boosting squalane. It makes you dewy, not greasy, and doubles as a makeup primer. Clinical Results: - Clinically proven to increase skin’s moisture levels by 136% after 8 hours.* - 94% of users said the SPF felt lightweight on the skin** - 91% of users said the SPF left no white cast** *Statistically significant results based on an independent clinical testing panel, using a Corneometer® to measure skin moisture in 10 participants aged 18 to 70. ***In an independent consumer testing panel of 33 participants aged 21 to 45, with Fitzpatrick skin tone 1-6. CLEAN at Sephora is our commitment to offering formulas that go beyond regulatory standards to avoid controversial ingredients without sacrificing on effectivene;"[{""ingredients"": ""-Super Zinc\u00ae Non-Nano Zinc Oxide: The sheerest form of zinc oxide that eliminates white cast and is reef safe. -Squalane: Keeps skin ultra-hydrated during sun exposure, leaving it looking radiant. -Glutathione: Powerful antioxidant tripeptide protects skin from free radical damage. Zinc Oxide 15%, Water (Aqua / Eau), Dicaprylyl Carbonate, Caprylic/Capric Triglyceride, Cetearyl Alcohol, Isosorbide Dicaprylate, Squalane, Glycerin, Dimethicone, Propanediol, Coco-Glucoside, Polyhydroxystearic Acid, Oryza Sativa (Rice) Bran Extract, Quercus Suber Bark Extract, Cucumis Sativus (Cucumber) Fruit Extract, Magnolia Officinalis Bark Extract, Vitis Vinifera (Grape) Seed Extract, Oak Root Extract, Simmondsia Chinensis (Jojoba) Seed Oil, Cocos Nucifera (Coconut) Oil, Jojoba Esters, Glutathione, Tocopherol, Caprylhydroxamic Acid, Sodium Stearoyl Glutamate, Trisodium Ethylenediamine Disuccinate, Polyglyceryl-6 Polyricinoleate, Glyceryl Caprylate, Glyceryl Oleate Citrate, Cetearyl Glucoside, Maltodextrin, Lecithin, Acacia Senegal Gum, Xanthan Gum, Silica, Caprylyl Glycol, Pentylene Glycol,Sodium Benzoate, Iron Oxides (CI 77491, CI 77492). The list of ingredients is subject to change, please consult the packaging of the product purchased.""}]";https://www.sephora.com/product/lion-pose-ghost-buster-100-mineral-sunscreen-spf-42-with-super-zinc-for-no-white-cast-P510085?skuId=2734598;Ghost-Buster 100% Mineral Sunscreen SPF 42 with Super Zinc for No White-Cast;https://www.sephora.com/productimages/sku/s2734598-main-zoom.jpg?pb=clean-at-sephora
24;1a3359264b74c998;USD;sephora.com;EADEM;Skincare;Lip Balms & Treatments;;"[""Cruelty-Free"", ""Best for Dry, Combo, Normal Skin"", ""Peptide"", ""Clean at Sephora"", ""Good for: Dryness"", ""AHA/Glycolic Acid""]";What it is: An exfoliating-to-moisturizing lip balm with AHA + Peptides to smooth ashy, flaky skin, reduce lip wrinkles, and lock in moisture with a glossy finish. Skin Type: Normal, Dry, Combination, and Oily Skincare Concerns: Fine Lines and Wrinkles, Dryness, and Dullness Formulation: Balm Highlighted Ingredients: - Hibiscus Enzymes and Lactic Acid: Immediately buff away dry, flaky skin, so lips can absorb the balm's rich moisture. - Brazilian Açaí and African Mongongo Butters: Intensely nourish and lock in moisture, delivering protective antioxidants. - Collagen-Boosting Peptide: Restores a supple feel and visibly reduces fine lines for naturally plump-looking lips. Ingredient Callouts: This product is gluten-free and cruelty-free. What Else You Need to Know: Transform parched lips into a pillowy pout with a 3-in-1 lip treatment that exfoliates, moisturizes, and adds a flush of color. The ultra-comfy formula cocoons lips in a bouncy, non-sticky gloss made with SpreadIt™ Polymer Technology, which glidelor on evenly and locks it within your lip line. Clean at Sephora is our commitment to offering effective products without certain ingredients, such as parabens, sulfates, phthalates, and mineral oils. Learn more here .;"[{""ingredients"": ""-Hibiscus Enzymes and Lactic Acid: Immediately buff away dry, flaky skin, so lips can absorb the balm's rich moisture. -Brazilian A\u00e7a\u00ed and African Mongongo Butters: Intensely nourish and lock in moisture, delivering protective antioxidants. -Collagen-Boosting Peptide: Restores a supple feel and visibly reduces fine lines for naturally plump-looking lips. Hydrogenated Polyisobutene, Diisostearyl Malate, Tridecyl Trimellitate, Phytosteryl/Isostearyl/Cetyl/Stearyl/Behenyl Dimer Dilinoleate, Bis-Diglyceryl Polyacyladipate-2, Methyl Hydrogenated Rosinate, Polyphenylsilsesquioxane, Pentaerythrityl Tetraisostearate, Ethylene/Propylene/Styrene Copolymer, Synthetic Wax, Silica Silylate, VP/Hexadecene Copolymer, Hibiscus Sabdariffa Flower Extract, Butyrospermum Parkii (Shea) Butter, Euterpe Oleracea Fruit Oil, Schinziophyton Rautanenii Kernel Oil, Tocopherol, Microcrystalline Wax, Moringa Oil/Hydrogenated Moringa Oil Esters, Isostearyl Alcohol, Water/Aqua/Eau, Ethylhexyl Palmitate, Octyldodecanol, Flavor (Aroma), Caprylic/Capric Triglyceride, Tribehenin, Sorbitan Isostearate, Propylene Carbonate, Stearalkonium Hectorite, Lactic Acid, Palmitoyl Hexapeptide-12, Palmitoyl Tripeptide-1, Butylene/Ethylene/Styrene Copolymer, Pentaerythrityl Tetra-di-t-butyl Hydroxyhydrocinnamate, Linalool, Iron Oxides (CI 77491/77492/77499), Red 7 Lake (CI 15850), Blue 1 Lake (CI 42090). The list of ingredients is subject to change. Please consult the packaging of the product purchased.""}]";https://www.sephora.com/product/eadem-le-chouchou-exfoliating-softening-peptide-lip-balm-P511921?skuId=2775088;Le Chouchou Exfoliating + Softening Peptide Lip Balm;https://www.sephora.com/productimages/sku/s2775088-main-zoom.jpg?pb=clean-at-sephora
15;1e63706fab56bcb0;USD;sephora.com;Farmacy;Skincare;Lip Balms & Treatments;;"[""Cruelty-Free"", ""Good for: Dryness"", ""Clean at Sephora"", ""Good for: Uneven Texture"", ""Hydrating"", ""Natural Finish""]";What it is: A lip balm and that helps to moisturize, condition, and prep lips with honey, beeswax, and cupuaçu butter. Skin Type: Normal, Dry, Combination, and Oily Skincare Concerns: Dryness and Dullness and Uneven Texture Formulation: Balm Highlighted Ingredients: - Proprietary Honey Blend: Delivers skin-loving moisture plus antioxidants. - Beeswax: Conditions lips and acts as a protective barrier to maintain moisture. - Cupuaçu and Cocoa Butters: Helps nurture and soften lips. Ingredient Callouts: This product is cruelty-free and gluten-free, and comes in recyclable packaging. What Else You Need to Know: This nourishing lip balm moisturizes and primes with a blend of honey, beeswax, and natural butters. The perfect prep for lip color, this lip balm smooths for a soft finish Clean at Sephora is our commitment to offering effective products without certain ingredients, such as parabens, sulfates, phthalates, and mineral oils. Learn more here;"[{""ingredients"": ""-Proprietary Honey Blend: Known for its soothing and humectant properties, Farmacy\u2019s special honey delivers skin-loving moisture plus antioxidants. -Beeswax: Conditions lips and acts as a protective barrier to maintain moisture. -Cupua\u00e7u and Cocoa Butters: Release long-lasting moisture and help nurture and soften lips. Ricinus Communis (Castor) Seed Oil, Olea Europaea (Olive) Fruit Oil, Cocos Nucifera (Coconut) Oil, Simmondsia Chinensis (Jojoba) Seed Oil, Cera Alba (Beeswax), Euphorbia Cerifera (Candelilla) Wax, Helianthus Annuus (Sunflower) Seed Oil, Copernicia Cerifera (Carnauba) Wax, Theobroma Cacao (Cocoa) Seed Butter, Theobroma Grandiflorum Seed Butter, Tocopherol, Squalane, Echinacea Purpurea Root Extract, Honey Extract, Propolis Extract, Royal Jelly Extract, Cananga Odorata Flower Oil, Citrus Limon (Lemon) Peel Oil, Citrus Aurantium Bergamia (Bergamot) Fruit Oil, Citral, Limonene, Linalool. The list of ingredients is subject to change, please consult the packaging of the product purchased.""}]";https://www.sephora.com/product/honey-butter-beeswax-lip-balm-P428416?skuId=2042794;Honey Butter Beeswax Lip Balm;https://www.sephora.com/productimages/sku/s2042794-main-zoom.jpg?pb=clean-at-sephora
13;211d03a79f4969ce;USD;sephora.com;The INKEY List;Skincare;Lip Balms & Treatments;;"[""Good for: Dryness"", ""Plumping"", ""Vegan"", ""Hydrating"", ""Hyaluronic Acid"", ""Cruelty-Free"", ""Clean at Sephora""]";What it is: A lip plumping balm that works over time to visibly increase lip volume- formulated to hydrate, repair & plump without tingle or irritation. Skin Type: Normal, Dry, Combination, and Oily Skincare Concerns: Dryness and Dullness Formulation: Balm Highlighted Ingredients: - 6% Tripeptide Complex: Visibly increases lip volume for plumper-looking, more defined lips. - 2% Ultra Filling Spheres: Deliver hyaluronic acid within the lip to visibly plump, retain moisture, and help fill fine lines. Ingredient Callouts: This product is vegan, cruelty-free, and comes in recyclable packaging. What Else You Need to Know: Your lips, but fuller. This clear balm contains a 6% Tripeptide Complex to instantly hydrate lips and maintain skin barrier. 2% Ultra Filling Spheres with Hyaluronic Acid work to gently plump lips over time with no irritation. With continued use lips are plumped up to 40% in 4 weeks. Clinical Results: - CLINICALLY PROVEN TO PLUMP LIPS BY UP TO 40% IN 4 WEEKS* - 95% OF PEOPLE FELT THE BALM INSTANTLY NOURISHED & HYDRATED THE LIPS** - VISIBLY SMOOTHED FINE LINES ON LIPS IN 2 WEEKS* *4-week independent clinical study of 20 people under dermatological control **4-week independent consumer trial of 20 people under dermatological control Clean at Sephora is our commitment to offering effective products without certain ingredients, such as parabens, sulfates, phthalates, and mineral oils. Learn more here .;"[{""ingredients"": ""-6% Tripeptide Complex: Visibly increases lip volume for plumper-looking, more defined lips. -2% Ultra Filling Spheres: Deliver hyaluronic acid within the lip to visibly plump, retain moisture, and help fill fine lines. Ricinus Communis (Castor) Seed Oil, Hydroxystearic/Linolenic/Oleic Polyglycerides, Glyceryl Rosinate, Theobroma Grandiflorum (Cupua\u00e7u) Seed Butter, Butyrospermum Parkii (Shea) Butter, Ethylhexyl Palmitate, Candelilla Cera, Mangifera Indica (Mango) Seed Butter, Orbignya Oleifera (Babassu) Seed Oil, Squalane, Cetearyl Ethylhexanoate, Hydrogenated Olive Oil, Salvia Hispanica (Chia) Seed Oil, Caprylic/Capric Triglyceride, Glyceryl Behenate, Olea Europaea (Olive) Oil Unsaponifiables, Tribehenin, Sorbitan Isostearate, Tocopherol, Portulaca Pilosa Extract, Trihydroxystearin, Helianthus Annuus (Sunflower) Seed Oil, Sucrose Cocoate, Brassica Alba Sprout Extract, Sodium Hyaluronate, Palmitoyl Tripeptide-1, Palmitoyl Tripeptide-38, Glucomannan. . The list of ingredients is subject to change, please consult the packaging of the product purchased.""}]";https://www.sephora.com/product/tripeptide-plumping-lip-balm-P507592?skuId=2701027;Tripeptide Plumping Lip Balm;https://www.sephora.com/productimages/sku/s2701027-main-zoom.jpg?pb=clean-at-sephora
6;23b0285c585fa3f2;USD;sephora.com;Fenty Beauty by Rihanna;Skincare;Sunscreen;Face Sunscreen;"[""Refill Available"", ""Black Owned at Sephora""]";What it is: A mineral SPF moisturizer that flexes across 10 inclusive shades to hydrate, visibly boost skin elasticity, protect, and visibly reduce pores and dark spots—case sold separately. Coverage: Light Finish: Radiant Formulation: Liquid SPF: 30 Highlighted Ingredients: - Zinc Oxide 15%: Is a mineral sun filter that protects against UVA/UVB damage. - Hyaluronic Acid and Aloe: Hydrate, soothe, and condition. - Niacinamide: Reduces the look of pores and dark spots. Ingredient Callouts: This product is vegan, gluten-free, and cruelty-free. What Else You Need to Know: This lightweight moisturizer with SPF protection immediately and visibly plumps skin with hydration, improves the look of elasticity, and reduces the appearance of pores and dark spots. It comes in an array of flexible tints to work with a wide range of skin tones, providing natural-looking, glowing coverage for all. Clinical Results: In an 8-week clinical study on 52 people: Immediately after application: - It visibly brightened and hydratedkin - It improved the look of elasticity and pores Over time: - It improved the look of dark spots, pores, fine lines, and wrinkles - It delivered 25% smoother skin After 1 week: - 100% agreed it didn’t pill under makeup - 98% agreed it instantly improved the appearance of imperfections After 4 weeks: - 94% agreed it gave skin a healthy bounce Clean Clean at Sephora is our commitment to offering effective products without certain ingredients, such as parabens, sulfates, phthalates, and mineral oils. Learn more here;"[{""ingredients"": ""-Zinc Oxide 15%: Is a mineral sun filter that protects against UVA/UVB damage. -Hyaluronic Acid and Aloe: Hydrate, soothe, and condition. -Niacinamide: Reduces the look of pores and dark spots. Zinc Oxide 15.5%, Water, C12-15 Alkyl Benzoate, Caprylic/Capric Triglyceride, C15-19 Alkane, Butyloctyl Salicylate, Phenyl Trimethicone, Glyceryl Citrate/Lactate/Linoleate/Oleate, Dimethicone, Sorbitan Isostearate, Ethylhexyl Palmitate, Butylene Glycol, Quaternium-90 Bentonite, Polyhydroxystearic Acid, Niacinamide, 1,2-Hexanediol, Adansonia Digitata Pulp Extract, Aloe Barbadensis Leaf Juice, Barosma Betulina Leaf Extract, Caprylyl Glycol, Caprylyl/Capryl Glucoside, Cetyl Alcohol, Citric Acid, Citrullus Lanatus (Watermelon) Seed Extract, Disteardimonium Hectorite, Ethylhexylglycerin, Glycerin, Glyceryl Stearate Se, Hyaluronic Acid, Hydroxyethyl Acrylate/Sodium Acryloyldimethyl Taurate Copolymer, Isopropyl Titanium Triisostearate, Phenoxyethanol, Polyisobutene, Polysilicone-11, Potassium Sorbate, Silica, Sodium Acrylate/Sodium Acryloyldimethyl Taurate Copolymer, Sodium Benzoate, Sodium Hyaluronate, Sorbitan Oleate, Tocopherol, Tocopheryl Acetate, Triethyl Citrate, Xanthan Gum. May Contain (+/-): Iron Oxides, Titanium Dioxide. The list of ingredients is subject to change. Please consult the packaging of the product purchased.""}]";https://www.sephora.com/product/fenty-skin-rihanna-hydra-vizor-huez-tinted-moisturizer-broad-spectrum-mineral-spf-30-sunscreen-P511541?skuId=2766368;Hydra Vizor Huez Tinted Moisturizer Broad Spectrum Mineral Spf 30 Sunscreen;https://www.sephora.com/productimages/sku/s2766368-main-zoom.jpg
50;270d7dcecb0c854e;USD;sephora.com;Iris&Romeo;Skincare;Sunscreen;Face Sunscreen;"[""Reef Safe SPF"", ""Niacinamide"", ""Vitamin C"", ""Clean at Sephora"", ""Hydrating"", ""Radiant Finish""]";What it is: An innovative formula that combines transparent mineral SPF 50 & stabilized Vitamin C serum with dewy, luminous skin. Skin Type: Normal, Dry, Combination, and Oily Skincare Concerns: Dryness, Dullness, and Uneven Texture Formulation: Liquid Highlighted Ingredients: - Time-Release Vitamin C: Antioxidant that visibly firms, supports natural collagen, and diminishes the look of dark spots. - 3% Niacinamide: Helps visibly even out skin tone, reduces the look of pores, and smooths texture. - Non-Nano Mineral Zinc Oxide: Reef-friendly SPF 50 protection shields against UVA/UVB blue light. Ingredient Callouts: It is cruelty-free, vegan, and comes in recyclable packaging. What Else You Need to Know: This skincare formula is perfect for bare-faced days when you want a quick you-but-better-glow or as a makeup primer. It pairs supercharged actives with mineral sunscreen to prevent sun damage, combat hyperpigmentation, and soften wrinkles. For all skin tones—with no white cast. Clean at Sephora is our commitnt to offering effective products without certain ingredients, such as parabens, sulfates, phthalates, and mineral oils. Learn more here .;"[{""ingredients"": ""-Time-release Vitamin C: Antioxidant that visibly firms, supports collagen, and lightens the look of dark spots. -Niacinamide 3%: Visibly evens skin tone, reduces pores, and smooths the look of texture. -Non-Nano Mineral Zinc Oxide: Reef-friendly SPF 50 protection shields against UVA/UVB blue light Zinc Oxide - 10% (non-nano), Allantoin, Ascorbyl Glucoside, Bisabolol, Butyloctyl Salicylate, C12-15 Alkyl Benzoate, C26-28 Alkyl Dimethicone, Caprylic/Capric Triglyceride, Caprylyl Glycol, Caprylyl Methicone, Dimethicone, Glycerin, Hydrogenated Lecithin, Hydroxyethyl Dimethicone Laurate, Iron Oxides, Jojoba Esters, Lecithin, Methylpropanediol, Mica, Niacinamide, Phenylpropanol, Polyglyceryl-2 Dipolyhydroxystearate, Polyglyceryl-3 Diisostearate, Polyglyceryl-3 Polyricinoleate, Polyglyceryl-4 Diisostearate/Polyhydroxystearate/Sebacate, Pyrus Malus (Apple) Fruit Extract, Silica, Sodium Chloride, Sodium Hydroxide, Stearalkonium Hectorite, Tetrasodium Glutamate Diacetate, Tin Oxide, Titanium Dioxide, Tocopherol, Water. The list of ingredients is subject to change. Please consult the packaging of the product purchased.""}]";https://www.sephora.com/product/weekend-skin-spf-50-instant-glow-mineral-sunscreen-with-vitamin-c-niacinamide-P509342?skuId=2871648;Weekend Skin SPF 50 Instant Glow Tinted Mineral Sunscreen with Vitamin C + Niacinamide;https://www.sephora.com/productimages/sku/s2871648-main-zoom.jpg?pb=clean-at-sephora
26;29e93467a47ab36c;USD;sephora.com;fresh;Skincare;Lip Balms & Treatments;;"[""Without Parabens"", ""Good for: Dryness"", ""Without Silicones"", ""Clean at Sephora"", ""Without Sulfates SLS & SLES"", ""Hydrating""]";What it is: An innovative, 24-hour moisturizing lip treatment that delivers an instant and long-lasting burst of cooling minty freshness. Skin Type: Dry Skincare Concerns: Dryness Formulation: Balm Highlighted Ingredients: - Sugar: Is scientifically demonstrated to provide long-lasting hydration. - Menthyl PCA: Slowly breaks down over time to deliver a continuous sense of freshness and hydration. - Cooling Encapsulation System: Triggers a minty sensation when you press your lips together. What Else You Need to Know: Using a duo of time-release technologies, this 24-hour* nourishing balm delivers minty freshness when you need it. Just press lips together to release the instant cooling encapsulation system, while menthyl PCA slowly breaks down for continuous freshness. *instrumental test, 30 subjects Clinical Results: In a 4-week self-assessment test of 60 subjects: - 93% felt an immediate burst of minty freshness - 85% reported a fresh-breath sensation - 93% reported lips were healthy-looking and protected against dryness In an instrumental test on 30 subjects: - It provided 24-hour hydration Clean at Sephora is our commitment to offering effective products without certain ingredients, such as parabens, sulfates, phthalates, and mineral oils. Learn more here .;"[{""ingredients"": ""-Sugar: Is scientifically demonstrated to provide long-lasting hydration. -Menthyl PCA: Slowly breaks down over time to deliver a continuous sense of freshness and hydration. -Cooling Encapsulation System: Triggers a minty sensation when you press your lips together. Cera Alba (Beeswax), Simmondsia Chinensis (Jojoba) Seed Oil, Ricinus Communis (Castor) Seed Oil, C10-18 Triglycerides, Hydrogenated Olive Oil Decyl Esters, Vitis Vinifera (Grape) Seed Oil, Menthyl Pca, Persea Gratissima (Avocado) Oil, Cera Carnauba (Copernicia Cerifera (Carnauba) Wax), Limnanthes Alba (Meadowfoam) Seed Oil, Mentha Piperita (Peppermint) Oil, Ribes Nigrum (Black Currant) Seed Oil, Butyrospermum Parkii (Shea) Butter, Candelilla Cera (Euphorbia Cerifera (Candelilla) Wax) , Tocopherol, Parfum (Fragrance) , Sodium Starch Octenylsuccinate, Ammonium Glycyrrhizate, Menthol, Sucrose Tetrastearate Triacetate , Ascorbyl Tetraisopalmitate\u2022 Polyglyceryl-3 Polyricinoleate, Ascorbyl Palmitate, Propyl Gallate, Limonene, Linalool, Benzyl Salicylate, Citral [+/- Ci 19140 (Yellow 5 Lake), Ci 42090 (Blue 1 Lake)] <17455> The list of ingredients is subject to change, please consult the packaging of the product purchased.""}]";https://www.sephora.com/product/sugar-lip-treatment-mint-rush-P442003?skuId=2175503;Sugar Mint Rush Freshening Lip Treatment;https://www.sephora.com/productimages/sku/s2175503-main-zoom.jpg?pb=clean-at-sephora
39;2a82a937c4f9d4cb;USD;sephora.com;BeautyBio;Skincare;Lip Balms & Treatments;;"[""Hyaluronic Acid"", ""Cruelty-Free"", ""Collagen"", ""Plumping"", ""Volumizing""]";What it is: A high-shine lip-plumping serum with hyaluronic filling-sphere technology that gives you fuller-looking lips. Skin Type: Normal, Dry, Combination, and Oily Skincare Concerns: Fine Lines and Wrinkles, Dryness, and Loss of Firmness and Elasticity Formulation: Serum Highlighted Ingredients: - Hyaluronic Acid: Helps keep skin looking hydrated longer and plumps the appearance of fine lines and wrinkles. - Collagen: Visibly increases elasticity and plumps for a more youthful-looking appearance. - Sunflower Seed Oil: Hydrates and helps prevent moister loss. Ingredient Callouts: This product is cruelty-free, and gluten-free, and comes in recyclable packaging. What Else You Need to Know: This serum is formulated with hyaluronic acid filling spheres and natural collagen to plump up the look of lip volume and enhance definition. It also uses shea butter, rich in vitamin A, to improve hydration and help reduce the appearance of lip lines and feathering. Clinical Results: In a consumer-perception survey of The Pout Sparkling Rosé: - 98% felt lips were immediately hydrated - 98% felt lips were softer after use - 90% said lips appeared plumper immediately after use In a clinical trial using GloPRO® Lip Attachment Head with The Pout Sparkling Rosé: - 93% felt lips were smoother to the touch - 89% would consider using GloPRO Lip MicroTip + The Pout Sparkling Rosé as an alternative to lip-enhancing beauty treatm;"[{""ingredients"": ""-Hyaluronic Acid: Helps keep skin looking hydrated longer and plumps the appearance of fine lines and wrinkles. -Collagen: Visibly increases elasticity and plumps for a more youthful-looking appearance. -Sunflower Seed Oil: Hydrates and helps prevent moister loss. Hydrogenated Polyisobutene, Ethylene/Propylene/Styrene Copolymer, Butylene/Ethylene/ Styrene Copolymer, Isohexadecane, Sodium Hyaluronate, Xanthan Gum, Phenoxyethanol, Tripeptide-1, Helianthus Annuus (Sunflower) Seed Oil, Ethylhexyl Palmitate, Silica Dimethyl Silylate, Butylene Glycol, Pentylene Glycol, Caprylic/Capric Triglyceride, Butyrospermum Parkii (Shea) Butter, Dipotassium Glycyrrhizinate, Collagen, Squalane, Sucralose, Methyl Nicotinate, Tetrahexyldecyl Ascorbate, Natural Flavors, Mica, Titanium Dioxide, Iron Oxides.""}]";https://www.sephora.com/product/the-pout-sparkling-rose-hyaluronic-acid-collagen-plumping-lip-serum-P438635?skuId=2163079;The Pout Sparkling Rosé Hyaluronic Acid Collagen Plumping Lip Seru;https://www.sephora.com/productimages/sku/s2163079-main-zoom.jpg
8;2d94ec0f2e2f004a;USD;sephora.com;SEPHORA COLLECTION;Skincare;Lip Balms & Treatments;;"[""Cream Formula"", ""Hydrating"", ""Best for Dry Skin"", ""Clean at Sephora"", ""Good for: Dryness""]";What it is: A collection of vegan lip butters that are made with 95 percent natural ingredients that melt into lips to nourish and provide hydration for up to twelve hours. Skin Type: Normal and Dry Skincare Concerns: Dryness Ingredient Callouts: Free of parabens, formaldehydes, formaldehyde-releasing agents, phthalates, mineral oil, retinyl palmitate, oxybenzone, coal tar, hydroquinone, sulfates SLS & SLES, triclocarban, triclosan, and contains less than one percent synthetic fragrance. What Else You Need to Know: These SEPHORA COLLECTION lip formulas are made with 95 percent natural-origin ingredients that intensely moisturize lips for up to twelve hours. The vanilla, cherry, and mango lip butters melt into the lips to nourish and hydrate. These super-ingredient lip butters are dermatologically tested by independent laboratories and consumers to guarantee their safety and effectiveness. Clinical Results: In tests of the 12-hour Nourishing Lip Butter – Vanilla, results included: - +79% more hydration after0 minutes - +32% softer lips from the first application - 96% of people found their lips are soothed after one application In tests of the 12-hour Nourishing Lip Butter – Cherry, results included: - +86% more hydration after 30 minutes - +46% softer lips from the first application - 95% of people found their lips are repaired after one application In tests of the 12-hour Nourishing Lip Butter – Mango, results included: - +88% more hydration after 30 minutes - +31% softer lips from the first application - 94% of people found their lips’ sensation of dryness was soothed after one application Clean at Sephora is our commitment to offering effective products without certain ingredients, such as parabens, sulfates, phthalates, and mineral oils. Learn more ;"[{""ingredients"": ""Ricinus Communis (Castor) Seed Oil, Octyldodecanol, Oleic/Linoleic/Linolenic Polyglycerides, Tribehenin, Synthetic Wax, Prunus Amygdalus Dulcis (Sweet Almond) Oil, Prunus Armeniaca (Apricot) Kernel Oil, Prunus Avium (Sweet Cherry) Seed Oil, Ethylene/Propylene Copolymer, Parfum (Fragrance), Tocopheryl Acetate, Ammonium Glycyrrhizate, Helianthus Annuus (Sunflower) Seed Oil, CI 77891 (Titanium Dioxide), Glyceryl Stearate Citrate, Tocopherol, CI 45410 (Red 28 Lake), Ascorbyl Tetraisopalmitate, CI 19140 (Yellow 5 Lake), Squalene, Beta-Sitosterol, CI 15850 (Red 7). The list of ingredients is subject to change, please consult the packaging of the product purchased.""}]";https://www.sephora.com/product/nourishing-lip-butter-P510926?skuId=2708014; Nourishing Lip Butter;https://www.sephora.com/productimages/sku/s2708014-main-zoom.jpg?pb=clean-at-sephora
16;3370005caee21917;USD;sephora.com;Tower 28 Beauty;Skincare;Lip Balms & Treatments;;"[""Vegan""]";What it is: A lip treatment that delivers the intense hydration of a lip mask to rescue dry, chapped lips. Formulation Type: Lip Balm & Treatment Benefits: Hydrating, Long-wearing Highlighted Ingredients: - Shea Butter: Boosts lip hydration and soothes skin. - Jojoba Oil: Locks in moisture to keep lips soft and supple. - Lysine: Prevents dryness and helps to smooth and soften lips. Ingredient Callouts: Free of parabens, formaldehydes, formaldehyde-releasing agents, phthalates, mineral oil, retinyl palmitate, oxybenzone, coal tar, hydroquinone, sulfates SLS & SLES, triclocarban, triclosan, and contains less than one percent synthetic fragrance. It is also vegan, gluten-free, cruelty-free, and comes in recyclable packaging. What Else You Need to Know: This this cushiony treatment balm is designed for sensitive, irritated lips and delivers instant comfort and long-lasting hydration for smooth, softie lips. It is made with a blend of four restorative oils and lysine, is non-sticky, soothing, and the subtle vanilla flavor is fragrance-free to avoid further drying out lips. Clinical Results: Immediately after use: - 100% agree it relieves chapped lips - 100% agree it instantly comforts dry lips After wearing overnight: - 100% agree lips feel softer after use - 100% agree formula delivers long-lasting hydration - 100% agree product helps heal and repair dry, damaged lips Clean at Sephora is our commitment to offering effective products without certain ingredients, such as parabens, sulfates, phthalates, and mineral oils. Learn more here .;"[{""ingredients"": ""-Shea Butter: Boosts lip hydration and soothes skin. -Jojoba Oil: Locks in moisture to keep lips soft and supple. -Lysine: Prevents dryness and helps to smooth and soften lips. Hydrogenated Polyisobutene, Polybutene, Diisostearyl Malate, Hydrogenated Soybean Oil, Hydrogenated Olive Oil, Polyhydroxystearic Acid, Hydrogenated Jojoba Oil, Ethylene/Propylene/Styrene Copolymer, Copernicia Cerifera (Carnauba) Wax, Euphorbia Cerifera (Candelilla) Wax, Lauroyl Lysine, Butyrospermum Parkii (Shea) Butter, Vanillin, Ricinus Communis (Castor) Seed Oil, Caprylyl Glycol, Tocopherol, Ethylhexylglycerin, Phytosterols, Tocopheryl Acetate, Butylene/Ethylene/Styrene Copolymer, Simmondsia Chinensis (Jojoba) Seed Oil, Glycine Soja (Soybean) Oil, Cocos Nucifera (Coconut) Oil, Pentaerythrityl Tetra-Di-T-Butyl Hydroxyhydrocinnamate, Titanium Dioxide (Ci 77891). The list of ingredients is subject to change, please consult the packaging of the product purchased.""}]";https://www.sephora.com/product/tower-28-sos-lipsoftie-hydrating-lip-treatment-balm-P509899?skuId=2735207;SOS LipSoftie® Hydrating Lip Treatment Bal;https://www.sephora.com/productimages/sku/s2735207-main-zoom.jpg?pb=clean-at-sephora
12;3681ba949dc2e0f9;USD;sephora.com;Hello Sunday;Skincare;Lip Balms & Treatments;;"[""Good for: Dryness"", ""Hyaluronic Acid"", ""Good for: Skin Barrier"", ""Best for Dry, Combo, Normal Skin"", ""FSA/HSA Eligible"", ""Good for: Dark spots""]";What it is: Protect your lips & amp up the hydration in seconds with this mouthwatering, strawberry-scented, clear lip balm SPF 50 with squalane and hyaluronic acid. Skin Type: Normal, Dry, Combination, and Oily Skincare Concerns: Dark Spots, Fine Lines and Wrinkles, and Dryness Formulation: Balm Highlighted Ingredients: - SPF 50: Sunscreen filters that protect and act as first line of defense against aging. - Hyaluronic Acid & Squalane: Lock in moisture to hydrate for softer, smoother lips. - Shea Butter: Softens and soothes. Ingredient Callouts: Free of parabens, formaldehydes, formaldehyde-releasing agents, phthalates, mineral oil, retinyl palmitate, oxybenzone, coal tar, hydroquinone, sulfates SLS & SLES, triclocarban, and triclosan. It is also vegan, gluten-free, and cruelty-free. What Else You Need to Know: This broad-spectrum lippie defends against the first signs of aging and protects one of the most sun-sensitive parts of skin, while hyaluronic acid, squalane, and shea butter hydrate and soothe. It doesn’t taste like SPF, and it leaves a high-shine finish that doubles as a lip gloss. It’s on-the-go-friendly for reapplicat;"[{""ingredients"": ""-SPF 50: Sunscreen filters that protect and act as first line of defense against aging. -Hyaluronic Acid & Squalane: Lock in moisture to hydrate for softer, smoother lips. -Shea Butter: Softens and soothes. Active Ingredients: Octocrylene 9%, Homosalate 7%, Octisalate 5%, Avobenzone 3% Inactive: Polyisobutene, Caprylic/Capric Triglyceride, Silica Dimethyl Silylate, Butyloctyl Salicylate, Squalane, Dicaprylyl Carbonate, Octyldodecanol, Butyrospermum Parkii (Shea) Butter, Glyceryl Behenate, Fragrance/ Parfum, Sodium Hyaluronate, Tocopherol, Oryza Sativa (Rice) Extract, Oryza Sativa (Rice) Germ Extract, Synthetic Wax, Stearalkonium Bentonite, Physalis Angulata Extract, 1,2-Hexanediol, Bisabolol, Caprylyl Glycol, Ethylhexyl Palmitate, Glycine Soja (Soybean) Oil, Propylene Carbonate, Polyglyceryl-3 Diisostearate, Trihydroxystearin, Glucomannan, Benzyl Benzoate.""}]";https://www.sephora.com/product/hello-sunday-the-one-for-your-lips-spf-50-hydrating-lip-balm-with-hyaluronic-acid-squalane-P511648?skuId=2753291;The One For Your Lips SPF 50 Hydrating Lip Balm with Hyaluronic Acid & Squalane;https://www.sephora.com/productimages/sku/s2753291-main-zoom.jpg
32;36aad9970931b9de;USD;sephora.com;ILIA;Skincare;Cleansers;Face Wash & Cleansers;"[""Best for Dry, Combo, Normal Skin"", ""Clean at Sephora"", ""Vegan"", ""Cruelty-Free"", ""Good for: Pores"", ""Hydrating""]";What it is: A fragrance-free, pH-balanced foaming cleanser that’s clinically proven to remove makeup, mineral SPF, and pollution without stripping skin. Skin Type: Normal, Dry, Combination, and Oily Skincare Concerns: Pores, Dryness, and Oiliness Formulation: Liquid Highlighted Ingredients: -Hydrating Sugar Complex: Natural sugars bind moisture to skin to hydrate even after rinsing. -Plant-Based Surfactants: Gentle sulfate alternatives that dissolve buildup without drying. Ingredient Callouts: This product is vegan and cruelty-free. What Else You Need to Know: Reset your skin. This gentle cleanser cushions skin in clouds of foam, sweeping away daily buildup with ease. The clinically tested formula maintains skin’s pH and restores hydration normally lost during cleansing. It rinses clean and leaves skin feeling soft, supple, and refreshed—never dry or tight. Clinical Results: In a 21-day clinical study of 50 women and men from ages 18 to 60: - 98% said skin was cleansed without the need for another produd without stripping - 96% said skin felt soothed, supple, and soft - 96% said the appearance of pores was reduced;"[{""ingredients"": ""-Hydrating Sugar Complex: Natural sugars bind moisture to skin to hydrate even after rinsing. -Skin-Friendly Cleansing Blend: Gentle emulsifiers and surfactants dissolve buildup without drying. Aqua/Water/Eau, Glycerin, Decyl Glucoside, Sodium Methyl Cocoyl Taurate, Polyglyceryl-10 Laurate, Sodium Lauroyl Lactylate, Hydroxyacetophenone, Saccharide Isomerate, 1,2-Hexanediol, Caprylyl Glycol, Sodium Phytate, Citric Acid, Sodium Citrate. The list of ingredients is subject to change, please consult the packaging of the product purchased.""}]";https://www.sephora.com/product/the-cleanse-soft-foaming-cleanser-make-up-remover-P506563?skuId=2685527;The Cleanse Soft Foaming Cleanser + Make Up Remover;https://www.sephora.com/productimages/sku/s2685527-main-zoom.jpg?pb=clean-at-sephora
22;376693a04039e725;USD;sephora.com;Tatcha;Skincare;Moisturizers;Mists & Essences;"[""Good for: Dryness"", ""Clean at Sephora"", ""Good for: Uneven Texture""]";Which skin type is it good for? - Normal - Combination - Dry - Sensitive What it is: A silky, fine mist moisturizer that can be used under or over makeup for dewy glowing skin anytime, anywhere. Solutions for: - Dullness - Dryness - Fine lines and wrinkles If you want to know more… Mist on this spray moisturizer for a boost of soothing hydration and a luminous complexion. It is formulated with more than 20 percent botanical oils and humectants to leave skin dewy. A proprietary complex of Okinawa red algae and hyaluronic acid delivers highly efficient hydration to the skin, acting as the ultimate moisture magnet. It’s also infused with hadasei-3 anti-aging complex, a trinity of Japanese anti-aging superfoods—green tea, rice and algae—that restores the look of youthful radiance. The Dewy Skin Mist’s super-fine sprayer only takes two to three spritzes for your whole face. Use right before applying makeup for flawless application and a dewy, glowing look. Take it with you for easy touch-ups on the go tokin and give it an extra glow. You can also mist it over makeup to replenish moisture and prevent caking. It won't disturb makeup, so you can use it anytime, anywhere. What else you need to know: This product is non-irritating, non-sensitizing, dermatologist tested, and cruelty-free. It is also formulated without mineral oil, synthetic fragrances, urea, DEA, or TEA. Beauty that gives back: every Tatcha purchase you make supports girls’ education around the world. Tatcha is proud to partner with Room to Read to transform girls’ futures.—Victoria Tsai, Founder Clean at Sephora is our commitment to offering effective products without certain ingredients, such as parabens, sulfates, phthalates, and mineral oils. Learn more ;"[{""ingredients"": ""-Proprietary Complex of Okinawa Red Algae: Delivers highly efficient hydration, improving skin's natural ability to retain and rebuild moisture. -Squalane: Absorbs completely into the skin to nourish and moisturize. -Silk Extract: Supports skin's natural ability to retain moisture. -Tatcha's Signature Hadasei-3 (a trinity of anti-aging Japanese superfoods born from nourishing Green Tea, Rice, and Algae): Restores a healthy-looking, youthful radiance. AQUA/WATER/EAU, GLYCERIN, SQUALANE, PROPANEDIOL, DIMETHICONE, TRIETHYLHEXANOIN, POLYGLYCERYL-2 DIISOSTEARATE, PPG-5-CETETH-10 PHOSPHATE, SACCHAROMYCES/RICE FERMENT FILTRATE, CAMELLIA SINENSIS LEAF EXTRACT, CLADOSIPHON OKAMURANUS EXTRACT, CAMELLIA JAPONICA SEED OIL, SODIUM HYALURONATE, SERICIN, GLYCYRRHIZA GLABRA (LICORICE) ROOT EXTRACT, ORYZA SATIVA (RICE) GERM OIL, CHONDRUS CRISPUS EXTRACT, PANAX GINSENG ROOT EXTRACT, ROYAL JELLY EXTRACT, ZIZIPHUS JUJUBA FRUIT EXTRACT, THYMUS SERPYLLUM EXTRACT, SCUTELLARIA BAICALENSIS ROOT EXTRACT, TOCOPHEROL, TRIDECETH-12, SODIUM LAUROYL LACTYLATE, SORBITAN STEARATE, ETHYLHEXYLGLYCERIN, BEHENYL ALCOHOL, GLYCERYL STEARATE SE, SODIUM BENZOATE, GLUCONOLACTONE, PARFUM/FRAGRANCE, ALCOHOL, PHENOXYETHANOL, LIMONENE, LINALOOL The list of ingredients is subject to change, please consult the packaging of the product purchased.""}]";https://www.sephora.com/product/luminous-dewy-skin-mist-P399623?skuId=1957059;Luminous Dewy Skin Mist 2-in-1 Hydrator & Finishing Spray;https://www.sephora.com/productimages/sku/s1957059-main-zoom.jpg?pb=clean-at-sephora
12;385b584ba31e61ac;USD;sephora.com;Tower 28 Beauty;Skincare;Cleansers;Toners;"[""Community Favorite"", ""Clean at Sephora"", ""Fragrance Free"", ""Good for: Redness"", ""Vegan"", ""Alcohol Free"", ""Good for: Acne/Blemishes""]";What it is: An award-winning daily facial spray that soothes + purifies stressed-out skin helping to calm visible irritation and redness. Highlighted Ingredients: - Hypochlorous Acid: Naturally produced by the body's immune system, it's anti-inflammatory and antibacterial properties help defend your skin from harmful bacteria, reduce redness, and soothe irritation. - Water and Sodium Chloride: Act as the optimal delivery solution for hypochlorous acid. Ingredient Callouts: This product is vegan, gluten-free, cruelty-free, and comes in recyclable packaging. What Else You Need to Know: This spray is 100% natural, derm-tested, and clinically proven. Powered by hypochlorous acid, it's anti-inflammatory + antibacterial and helps calm your skin, support the skin barrier, and keep flare-ups at bay. This unique solution is pH balanced (4.5), alcohol-free, and safe to use all over the body. This product also has the National Eczema Association Seal of Acceptance™, National Psoriasis Foundation Seal of Recognition, a the National Rosacea Society Seal of Acceptance. Clinical Results: Based on a third party clinical test with 30 participants: - 100% experienced an improvement in appearance of skin redness after 1 hour - 100% saw a decrease in appearance of blemishes after 4 weeks - 87% experienced immediate relief from dry skin Based on a third party consumer test with 34 participants: - 87% felt their skin was soothed immediately after use Clean at Sephora is our commitment to offering effective products without certain ingredients, such as parabens, sulfates, phthalates, and mineral oils. Learn more here .;"[{""ingredients"": ""-Hypochlorous Acid: Naturally produced by the body's immune system, it's anti-inflammatory and antibacterial properties help defend your skin from harmful bacteria, reduce redness, and soothe irritation. -Water and Sodium Chloride: Act as the optimal delivery solution for hypochlorous acid. Water, Sodium Chloride, Hypochlorous Acid. The list of ingredients is subject to change, please consult the packaging of the product purchased.""}]";https://www.sephora.com/product/sos-save-our-skin-daily-rescue-facial-spray-P448852?skuId=2527836;SOS Daily Rescue Facial Spray with Hypochlorous Acid;https://www.sephora.com/productimages/sku/s2527836-main-zoom.jpg?pb=clean-at-sephora
12;3cd586b90c11f51e;USD;sephora.com;Tower 28 Beauty;Skincare;Cleansers;Toners;"[""Community Favorite"", ""Clean at Sephora"", ""Fragrance Free"", ""Good for: Redness"", ""Vegan"", ""Alcohol Free"", ""Good for: Acne/Blemishes""]";What it is: An award-winning travel size skincare spray that soothes + purifies stressed-out and sensitive skin helping to calm visible irritation and redness. Highlighted Ingredients: - Hypochlorous Acid: Naturally produced by the body's immune system as a first line of defense to fight the appearance of redness, it soothes, nourishes, and cares for sensitive or stressed skin—leaving it looking clear, soft, and healthy. - Water and Sodium Chloride: This non-drying solution is formulated to mimic the makeup of our bodies—it’s the optimal delivery solution for hypochlorous acid since it’s found naturally in white blood cells. Ingredient Callouts: This product is vegan, gluten-free, cruelty-free, and comes in recyclable packaging. What Else You Need to Know: This spray is 100% natural, derm-tested, and clinically proven. Powered by hypochlorous acid, it's anti-inflammatory + antibacterial and helps calm your skin, support the skin barrier, and keep flare-ups at bay. This unique solution is pH balanced (cohol-free, and safe to use all over the body. This product also has the National Eczema Association Seal of Acceptance™, National Psoriasis Foundation Seal of Recognition, and the National Rosacea Society Seal of Acceptance. Clinical Results: Based on a third party clinical test with 30 participants: - 100% experienced an improvement in appearance of skin redness after 1 hour - 100% saw a decrease in appearance of blemishes after 4 weeks - 87% experienced immediate relief from dry skin Based on a third party consumer test with 34 participants: - 87% felt their skin was soothed immediately after use Clean at Sephora is our commitment to offering effective products without certain ingredients, such as parabens, sulfates, phthalates, and mineral oils. Learn more here;"[{""ingredients"": ""-Hypochlorous Acid: Naturally produced by the body's immune system, it's anti-inflammatory and antibacterial properties help defend your skin from harmful bacteria, reduce redness, and soothe irritation. -Water and Sodium Chloride: Act as the optimal delivery solution for hypochlorous acid. Water, Sodium Chloride, Hypochlorous Acid. The list of ingredients is subject to change, please consult the packaging of the product purchased.""}]";https://www.sephora.com/product/sos-save-our-skin-daily-rescue-facial-spray-mini-P448853?skuId=2527836;Mini SOS Daily Rescue Facial Spray with Hypochlorous Acid;https://www.sephora.com/productimages/sku/s2527836-main-zoom.jpg?pb=clean-at-sephora
28;4085e7bba2bab44e;USD;sephora.com;fresh;Skincare;Lip Balms & Treatments;;"[""Good for: Dryness"", ""Hydrating"", ""Hyaluronic Acid"", ""Without Sulfates SLS & SLES"", ""Clean at Sephora""]";What it is: An intensive balm that moisturizes extra-dry lips for up to 24 hours and is clinically shown to improve the look of damaged lips. Skin Type: Dry Skincare Concerns: Dryness Formulation: Balm Highlighted Ingredients: - Sugar: s scientifically proven to have a long-lasting hydrating effect - Hyaluronic Acid Filling Spheres: help make the lips appear fuller - Sea Fennel: helps to smooth the look of fine lines and wrinkles and define the lip area What Else You Need to Know: Our dermatologist-tested lip treatment instantly replenishes and recovers dry, peeling lips with smoothing sea fennel extract and hydrating hyaluronic acid spheres. The ultra-nourishing formula acts as a soothing balm, sinking in to remove dry flakes and deliver a plump, healthy look. Clinical Results: In a 4-week clinical assessment of 30 subjects: - It was shown to repair the appearance of lips In an instrumental test of 30 subjects - It intensely moisturized lips for 24 hours In a 4-week self-assessment of 62 subjects: - 100% agreed it relieved and soothed dry lips - 94% reported it improved elasticity - 94% noticed improved smoothness after 1 use CLEAN at Sephora is our commitment to offering formulas that go beyond regulatory standards to avoid controversial ingredients without sacrificing on effectiveness.;"[{""ingredients"": ""-Sugar: Is scientifically demonstrated to provide long-lasting hydration. -Hyaluronic Acid Filling Spheres: Make lips appear fuller. -Sea Fennel: Smooths the look of fine lines and wrinkles while visibly defining the lip area. Cera Alba (Beeswax), Simmondsia Chinensis (Jojoba) Seed Oil, C10-18 Triglycerides, Ricinus Communis (Castor) Seed Oil, Hydrogenated Olive Oil Decyl Esters, Vitis Vinifera (Grape) Seed Oil, Parfum (Fragrance), Crithmum Maritimum Extract, Prunus Domestica Seed Oil, Limnanthes Alba (Meadowfoam) Seed Oil, Ribes Nigrum (Black Currant) Seed Oil, Cera Carnauba (Copernicia Cerifera (Carnauba) Wax), Hydrogenated Vegetable Oil, Tocopherol, Tocopheryl Acetate, Caprylic/Capric Triglyceride, Sodium Hyaluronate, Triolein, Sucrose Tetrastearate Triacetate, Ammonium Glycyrrhizate, Glyceryl Dioleate, Ascorbyl Tetraisopalmitate, Ascorbyl Palmitate, Ethyl Vanillin, Limonene, Citral, Benzyl Alcohol, Linalool, Geraniol <17313> The list of ingredients is subject to change, please consult the packaging of the product purchased.""}]";https://www.sephora.com/product/sugar-advanced-therapy-lip-treatment-P302103?skuId=1378215;Sugar Advanced Therapy Treatment Lip Balm;https://www.sephora.com/productimages/sku/s1378215-main-zoom.jpg?pb=clean-at-sephora
29;44116be3cd0a813e;USD;sephora.com;iNNBEAUTY PROJECT;Skincare;Moisturizers;Face Creams;"[""Good for: Loss of firmness"", ""Hyaluronic Acid"", ""Good for: Uneven Texture"", ""Fragrance Free"", ""Good for: Dark spots"", ""Hydrating""]";What it is: A unique gel-cream infused with ceramides, squalane, and hyaluronic acid to support a strong moisture barrier and give you an instant bronzy glow. Skin Type: Normal, Dry, Combination, and Oily Skincare Concerns: Dryness, Dullness, and Uneven Texture Highlighted Ingredients: - Vegan Squalane: Softens, hydrates, and visibly improves texture. - Ceramides: Support and strengthen skin's natural moisture barrier. - Hyaluronic Acid: Draws moisture into the skin for a plump, bouncy look. Ingredient Callouts: This product is vegan, gluten-free, cruelty-free, and comes in recyclable packaging. What Else You Need to Know: This weightless, nongreasy formula delivers long-term, visible skincare benefits with a soft-focus, sunkissed, bronze glow. This is your shortcut to luminous bronzed skin without chunky glitter or drying powders. Clean at Sephora is our commitment to offering effective products without certain ingredients, such as parabens, sulfates, phthalates, and mineral oils. Learn more here .;"[{""ingredients"": ""-Vegan Squalane: Softens, hydrates, and visibly improves texture. -Ceramides: Support and strengthen skin's natural moisture barrier. -Hyaluronic Acid: Draws moisture into the skin for a plump, bouncy look. Water/Aqua, Glycerin, Hydrogenated Polyisobutene, Dimethicone, Glyceryl Oleate Citrate, Propanediol, Hydroxyethyl Acrylate/Sodium Acryloyldimethyl Taurate Copolymer, Squalane, Ceramide NP, Ceramide AS, Ceramide AP, Ceramide NS, Ceramide EOP, Hydrolyzed Sodium Hyaluronate, Glycine Soja (Soybean) Oil, Cholesterol, Phytosterols, Pullulan, Caprylic/Capric Triglyceride, Boron Nitride, Caprylhydroxamic Acid, Sodium Benzoate, Tocopherol, Sorbitan Isostearate, Galactoarabinan, 2,3-Butanediol, 1,2-Hexanediol, Hydrogenated Lecithin, Glyceryl Stearate. May Contain: Mica CI 77019, Iron Oxides CI 77491, Iron Oxides CI 77492, Iron Oxides CI 77499, Titanium Dioxide CI 77891. The list of ingredients is subject to change, please consult the packaging of the product purchased.""}]";https://www.sephora.com/product/bronze-face-glaze-gel-cream-with-squalane-ceramides-hyaluronic-acid-P507166?skuId=2714483;Bronze Face Glaze Gel Cream with Squalane, Ceramides & Hyaluronic Acid;https://www.sephora.com/productimages/sku/s2714483-main-zoom.jpg?pb=clean-at-sephora
39;464ea827b2d1c0d0;USD;sephora.com;Drunk Elephant;Skincare;Treatments;Face Serums;"[""Good for: Dryness"", ""Good for: Dark spots"", ""Good for: Loss of firmness"", ""Community Favorite"", ""Niacinamide"", ""Best for Combination Skin""]";What it is: An illuminating serum with 5% niacinamide that adds an easy golden finish while evening skin's tone, improving clarity and radiance. Skin Type: Normal, Dry, Combination, and Oily Skincare Concerns: Dark Spots, Fine Line and Wrinkles, Pores, Dullness, Uneven Texture, Loss of Firmness and Elasticity Formulation: Lightweight Serum Highlighted Ingredients: - 5% Niacinamide: Aka vitamin B3, improves visible signs of aging, uneven tone, and texture. - Diglucosyl Gallic Acid: Inhibits excess melanin production, soothes skin, and provides antioxidant benefits. - Morus Alba Leaf Extract: Soothes skin and improves the look of hyperpigmentation. Ingredient Callouts: This product is vegan, cruelty-free, and comes in recyclable packaging. What Else You Need to Know: All of Drunk Elephant's color serum drops are dermatologist tested. Designed to be mixed with any Drunk Elephant moisturizer, serum, or oil they add the prettiest hint of color. Tip: B-Goldi can be applied to face, chest, legs, or anywhere else you want a touch of luminosity. Drunk Elephant is committed to using only ingredients that either directly benefit the health of the skin or support the integrity of their formulations. The brand focuses on healthy pH levels, formulations the skin recognizes, small molecular structure that’s easily absorbed, and effective active ingredients that also support the skin’s acid mantle. All their products are designed to be mixed together—what Drunk Elephant calls making a smoothie. (This is true for all of their products except their sunscreen, Umbra, which sits on top of the skin, protecting it from UV damage.) The result is skin that is reset to its happiest, healthiest state. Drunk Elephant is a supporter of IEF (International Elephant Foundation) and is cruelty-free. Clinical Results: In a clinical study with 34 people after 8 weeks: - 100% showed improvement in skin-tone evenness and brightness - 97% showed improvement in skin’s clarity - 97% showed a reduction in in dark spots, hyperpigmentation, and fs Clean at Sephora Clean at Sephora is our commitment to offering effective products without certain ingredients, such as parabens, sulfates, phthalates, and mineral oils. Learn more here .;"[{""ingredients"": ""-5% Niacinamide: Aka vitamin B3, improves visible signs of aging, uneven tone, and texture. -Diglucosyl Gallic Acid: Inhibits excess melanin production, soothes skin, and provides antioxidant benefits. -Morus Alba Leaf Extract: Soothes skin and improves the look of hyperpigmentation. Water/Aqua/Eau, Glycerin, Butylene Glycol, Niacinamide, Propanediol, Neopentyl Glycol Diheptanoate, Mica, Ethylhexyl Olivate, C9-12 Alkane, Coco-Caprylate/Caprate, Sclerocarya Birrea Seed Oil, Cetearyl Alcohol, Simmondsia Chinensis (Jojoba) Seed Oil, Diglucosyl Gallic Acid, Squalane, Sorbitan Sesquiisostearate, Plukenetia Volubilis Seed Oil, Morus Alba Leaf Extract, Calcium Chloride, Sea Salt/Maris Sal/Sel Marin, Sodium Stearate, Hydroxyethyl Acrylate/Sodium Acryloyldimethyl Taurate Copolymer, Tocopheryl Acetate, Quercetin, PPG-8-Ceteth-20, Sodium Carrageenan, Glyceryl Acrylate/Acrylic Acid Copolymer, Xanthan Gum, Phenoxyethanol, Sodium Metabisulfite, Ubiquinone, Acrylates/Beheneth-25 Methacrylate Copolymer, C12-15 Alkyl Benzoate, Citric Acid, Tetrasodium Glutamate Diacetate, Sodium Citrate, Ceteareth-20, Dipropylene Glycol, Tocopherol, Sorbitan Isostearate, Polysorbate 60, Sodium Hydroxide, Sorbeth-30 Tetraisostearate, Iron Oxides (CI 77491), Iron Oxides (CI 77492), Titanium Dioxide (CI 77891). . The list of ingredients is subject to change, please consult the packaging of the product purchased.""}]";https://www.sephora.com/product/b-goldi-tm-illuminating-drops-with-5-niacinamide-for-brightening-P507099?skuId=2689743;"B-Goldi&#8482; Bright Illuminating Drops with 5% Niacinamide";https://www.sephora.com/productimages/sku/s2689743-main-zoom.jpg?pb=clean-at-sephora
46;49e29b58eec8f377;USD;sephora.com;Augustinus Bader;Skincare;Lip Balms & Treatments;;"[""Good for: Anti-Aging"", ""Best for Dry Skin"", ""Without Sulfates SLS & SLES"", ""Good for: Skin Barrier"", ""Without Parabens""]";What it is: A lip balm that nourishes, protects, and visibly improves texture with TFC8®, natural amino acids, vitamins, and soothing oils—for smooth, plump-looking lips. Skin Type: Normal, Dry, Combination, and Oily Skincare Concerns: Fine Lines and Wrinkles, Dryness, and Loss of Firmness and Elasticity Formulation: Balm Highlighted Ingredients: - TFC8®: Is a patented technology that supports optimal cellular renewal. - Plumping Complex: Is a plant-derived collagen that visibly boosts skin’s defenses, elasticity, and plumpness. - Candelilla Wax: Is a vegan beeswax alternative that hydrates, protects, and supports skin's barrier. Ingredient Callouts: Free of parabens, formaldehydes, formaldehyde-releasing agents, phthalates, mineral oil, retinyl palmitate, oxybenzone, coal tar, hydroquinone, sulfates SLS & SLES, triclocarban, triclosan, and contains less than one percent synthetic fragrance. It is also gluten-free and cruelty-free. What Else You Need to Know: Powered by TFC8® and a blend of natural amis, vitamins, and oils (candelilla, bisabolol, shea, and olive), this lip balm nourishes and protects. A natural, visibly plumping agent enhances moisture retention, leaving lips looking smooth, volumized, and youthful, while vitamin E maintains hydration and cares for skin.;"[{""ingredients"": ""-TFC8\u00ae: Is a patented technology that supports optimal cellular renewal. -Plumping Complex: Is a plant-derived collagen that visibly boosts skin\u2019s defenses, elasticity, and plumpness. -Candelilla Wax: Is a vegan beeswax alternative that hydrates, protects, and supports skin's barrier. Olus/Vegetable Oil/Huile V\u00e9g\u00e9tale, Candelilla Cera/Euphorbia Cerifera (Candelilla) Wax/Cire de Candelilla, Butyrospermum Parkii (Shea) Butter, Octyldodecyl Myristate, Hydrogenated Vegetable Oil, Olea Europaea (Olive) Fruit Oil, Ricinus Communis (Castor) Seed Oil, Cera Carnauba/Copernicia Cerifera (Carnauba) Wax/Cire de Carnauba, Helianthus Annuus (Sunflower) Seed Oil, Tocopheryl Acetate, Dipalmitoyl Hydroxyproline, Butyrospermum Parkii (Shea) Butter Unsaponifiables, Bisabolol, Palmitic Acid, Glycerin, Aloe Ferox Leaf Extract, Calendula Officinalis Flower Extract, Tocopherol, Aqua/Water/Eau, Lecithin, Butylene Glycol, Caprylic/Capric Triglyceride, Hydrolyzed Rice Protein, Opuntia Ficus-Indica Stem Extract, Pentylene Glycol, Xanthan Gum, Arginine, Glycine, Lysine, Oligopeptide-177, Oligopeptide-4, Phenylalanine, Potassium Sorbate, Sisymbrium Irio Seed Oil, Sodium Hydroxide, Citric Acid.""}]";https://www.sephora.com/product/the-lip-balm-P516364?skuId=2874246;The Lip Balm;https://www.sephora.com/productimages/sku/s2874246-main-zoom.jpg
25;4a64256706423588;USD;sephora.com;Dr. Jart+;Skincare;Moisturizers;BB & CC Cream;"[""Good for: Redness"", ""SPF"", ""Trending on Social"", ""Niacinamide"", ""Matte Finish"", ""Best for Oily, Combo, Normal Skin""]";What it is: A bestselling green-to-beige cica cream with mineral-SPF protection that rapidly neutralizes the look of redness and visibly evens tone for healthy-, natural-looking skin. Skin Type: Normal, Dry, Combination, and Oily Skincare Concerns: Dryness and Redness Highlighted Ingredients: - Mineral Sunscreen (Zinc Oxide and Titanium Dioxide): Reflects UVA/UVB rays to protect skin from sun damage. What Else You Need to Know: For centuries, tigers in the Asian wetlands have rolled around in Centella asiatica (aka tiger grass or cica) to help heal their wounds. Taking inspiration from the tigers, this Korean Skincare favorite utilizes visibly reparative tiger grass to soothe, calm, and moisturize skin. Clinical Results: In a clinical study with 106 people between 20-50: 95% said skin felt soothed with moisture 92% said skin looked less red 91% said blemishes and discolorations looked concealed 90% said skin had a vibrant, healthy-looking glow 92% said skin tone looked even;"[{""ingredients"": ""-Mineral Sunscreen (Zinc Oxide and Titanium Dioxide): Protective barrier reflects UVA/UVB rays to protect skin from sun damage. Water, Centella Asiatica Leaf Water, Isononyl Isononanoate, Cyclopentasiloxane, Butylene Glycol, Dimethicone, Phenyl Trimethicone, Methyl Methacrylate Crosspolymer, Beeswax/Cire D'abeille, Glycerin, Diethylhexyl Carbonate, Polyglyceryl-3 Polyricinoleate, Niacinamide, Polymethylsilsesquioxane, Cyclohexasiloxane, Pan-Thenol, Diglycerin, Iron Oxides, Polyglyceryl-4 Diisostearate/Polyhydroxystearate/Sebacate, Dimethicone/Vinyl Dimethi- Cone Crosspolymer, Isododecane, Ethylene/Methacrylate Copolymer, Cetearyl Alcohol, Polyglyceryl-2 Triisostearate, Aluminum Hydroxide, Stearic Acid, Disteardimonium Hectorite, Acrylates/Ammonium Methacrylate Copolymer, Sclerotium Gum, Sodium Benzoate, Acrylates/Dimethicone Copolymer, Hydrogen Dimethicone, Chromium Oxide Greens, Triethyl Citrate, Potassium Sorbate, Fragaria Vesca (Strawberry) Leaf Extract, Disodium EDTA, BHT, Alcohol, Asiaticoside, Aden- Osine, Triethoxycaprylylsilane, Lavandula Angustifolia (Lavender) Oil, Boron Nitride, Asiatic Acid, Madecassic Acid, Citrus Grandis (Grapefruit) Peel Oil, Rosmarinus Officinalis (Rosemary) Leaf Oil, 1,2- Hexanediol, Anthemis Nobilis Flower Oil, Houttuynia Cordata Extract, Propanediol, Centella Asiatica Extract, Gentiana Lutea Root Extract, Artemisia Absinthium Extract, Achillea Millefolium Extract, Arnica Montana Flower Extract, Polysorbate 20, Aniba Rosodora (Rosewood) Wood Oil, Sodium Glycerophosphate, Selaginella Lepidophylla Extract, Potassium Magnesium Aspartate, Citric Acid, Calcium Gluconate, Madecassoside, Magnesium Gluconate, Centella Asiatica Meristem Cell Culture, Xanthan Gum, Titanium Dioxide, Zinc Oxide. Please be aware that ingredient lists may change or vary from time to time. Please refer to the ingredient list on the product package you receive for the most up-to-date list of ingredients.""}]";https://www.sephora.com/product/cicapair-tiger-grass-color-correcting-treatment-spf-30-P411540?skuId=1936202;Cicapair™ Tiger Grass Color Correcting Treatment SPF ;https://www.sephora.com/productimages/sku/s1936202-main-zoom.jpg
25;4b409804f900c65c;USD;sephora.com;Peter Thomas Roth;Skincare;Moisturizers;Face Creams;[];What it is: A broad-spectrum SPF 45 moisturizer with a unique water-cream texture and universal sheer tint. Skin Type: Normal, Dry, Combination, and Oily Skincare Concerns: Fine Lines, Wrinkles, and Dryness Formulation: Lightweight Cream Highlighted Ingredients: - Broad Spectrum SPF 45: Shields skin from aging UVA/UVB rays without oxybenzone or octinoxate. Ingredient Callouts: Free of parabens, formaldehydes, formaldehyde-releasing agents, phthalates, mineral oil, retinyl palmitate, oxybenzone, coal tar, hydroquinone, sulfates SLS & SLES, triclocarban, triclosan, and contains less than one percent synthetic fragrance. What Else You Need to Know: This nongreasy, cream-to-water SPF 45 moisturizer drenches skin with a hydrating 30% Hyaluronic Acid Complex. It also contains Pentavitin to provide hydration for up to 72 hours while a 5% SunBoost ATB helps boost sun protection. The universal sheer tint provides an even-toned, complexion-enhancing glow.;"[{""ingredients"": ""-Broad Spectrum SPF 45: Shields skin from aging UVA/UVB rays without oxybenzone or octinoxate. Avobenzone 3%, Homosalate 5%, Octisalate 5%, Octocrylene 10%, Water/Aqua/Eau, Dimethicone, Glycerin, Dipropylene Glycol, Polymethylsilsesquioxane, Argania Spinosa Kernel Oil, Tocopheryl Acetate, Dimethicone/PEG-10/15 Crosspolymer, Phenoxyethanol, Titanium Dioxide/CI 77891, Lauryl PEG-9 Polydimethylsiloxyethyl Dimethicone, Saccharide Isomerate, Isododecane, Methyl Gluceth-20, Coco-Caprylate/Caprate, Bisabolol, Sodium Chloride, Sodium Hyaluronate, PEG-15/Lauryl Dimethicone Crosspolymer, Sodium PCA, Polyglyceryl-6 Polyricinoleate, Polyhydroxystearic Acid, Iron Oxides/CI 77492, Iron Oxides/CI 77491, Iron Oxides/CI 77499, Yeast Extract, Dilinoleic Acid/Butanediol Copolymer, Disodium Stearoyl Glutamate Trisiloxane, Propylene Glycol, Ceteareth-25, Potassium Sorbate, Sodium Benzoate, Castor Oil/IPDI Copolymer, Sodium Citrate, Citric Acid, Cetyl Alcohol, Ethylhexylglycerin, Saccharomyces/Magnesium Ferment, Sambucus Nigra Fruit Extract, Behenic Acid, Ceramide NP, Cholesterol, Mica, Ceramide NS, Saccharomyces/Iron Ferment, Saccharomyces/Copper Ferment, Saccharomyces/Silicon Ferment, Saccharomyces/Zinc Ferment, Butylene Glycol, Ceramide AP, Ceramide EOP, Ceramide EOS, Tocopherol, Olea Europaea (Olive) Leaf Extract, Caprooyl Phytosphingosine, Caprooyl Sphingosine.-Hyaluronic Acid: A potent hydrator that drenches skin with moisture and draws in water. -Pentavitin: Helps provide hydration for up to 72 hours, even after cleansing. -Broad Spectrum SPF 45: Shields skin from aging UVA/UVB rays without oxybenzone or octinoxate. Water Drench\u00ae Hyaluronic Cloud Cream Hydrating Moisturizer: Water/Aqua/Eau, Dimethicone, Glycerin, Dipropylene Glycol, Dimethicone/PEG-10/15 Crosspolymer, Sodium Hyaluronate, Yeast Extract, Ceramide AP, Ceramide EOP, Ceramide EOS, Ceramide NP, Ceramide NS, Sambucus Nigra Fruit Extract, Sodium PCA, Tocopherol, Saccharide Isomerate, Caprooyl Phytosphingosine, Caprooyl Sphingosine, Saccharomyces/Iron Ferment, Saccharomyces/Copper Ferment, Saccharomyces/Silicon Ferment, Saccharomyces/Magnesium Ferment, Saccharomyces/Zinc Ferment, Olea Europaea (Olive) Leaf Extract, Cholesterol, Citric Acid, Sodium Citrate, Methyl Gluceth-20, Sodium Chloride, Trisiloxane, Propylene Glycol, Ceteareth-25, Potassium Sorbate, Sodium Benzoate, Behenic Acid, Butylene Glycol, Lauryl PEG-9 Polydimethylsiloxyethyl Dimethicone, Cetyl Alcohol, Ethylhexylglycerin, Mica, Phenoxyethanol. Water Drench\u00ae Broad Spectrum SPF 45 Hyaluronic Cloud Moisturizer: Avobenzone 3%, Homosalate 5%, Octisalate 5%, Octocrylene 10%, Water/Aqua/Eau, Polymethylsilsesquioxane, Glycerin, Dipropylene Glycol, Dimethicone, Argania Spinosa Kernel Oil, Tocopheryl Acetate, Yeast Extract, Cyclopentasiloxane, Cyclohexasiloxane, Phenoxyethanol, Lauryl PEG-9 Polydimethylsiloxyethyl Dimethicone, Isododecane, Dimethicone/PEG-10/15 Crosspolymer, Saccharide Isomerate, Methyl Gluceth-20, Sodium Chloride, Sodium Hyaluronate, Bisabolol, PEG-15/Lauryl Dimethicone Crosspolymer, Sodium PCA, Propylene Glycol, Ceteareth-25, Sodium Benzoate, Potassium Sorbate, Sodium Citrate, Citric Acid, Sambucus Nigra Fruit Extract, Cetyl Alcohol, Saccharomyces/Magnesium Ferment, Hydrolyzed Silk, Behenic Acid, Ceramide NP, Cholesterol, Ethylhexylglycerin, Tocopherol, Ceramide NS, Saccharomyces/Iron Ferment, Saccharomyces/Copper Ferment, Saccharomyces/Silicon Ferment, Saccharomyces/Zinc Ferment, Butylene Glycol, Ceramide AP, Ceramide EOP, Ceramide EOS, Olea Europaea (Olive) Leaf Extract, Caprooyl Phytosphingosine, Caprooyl Sphingosine, Disodium EDTA, Ascorbyl Palmitate, Mica (CI 77019). Water Drench\u00ae Hyaluronic Cloud Hydra-Gel Eye Patches: Water/Aqua/Eau, Glycerin, Butylene Glycol, Sodium Hyaluronate, Hydrolyzed Collagen, Caffeine, Ceramide NP, Arnica Montana Flower Extract, Althaea Officinalis Root Extract, Allantoin, Tocopherol, Hydrolyzed Sodium Hyaluronate, Butyrospermum Parkii (Shea) Butter, Glycyrrhiza Glabra (Licorice) Root Extract, Scutellaria Baicalensis Root Extract, Angelica Gigas Root Extract, Cimicifuga Racemosa Root Extract, Morus Alba Bark Extract, Paeonia Lactiflora Root Extract, Phellinus Linteus Extract, Polygonum Multiflorum Root Extract, Sesamum Indicum (Sesame) Seed Extract, Sophora Angustifolia Root Extract, Aloe Barbadensis Leaf Juice, Ricinus Communis (Castor) Seed Oil, Amorphophallus Konjac Root Powder, Carrageenan, Hydroxyacetophenone, Hexylene Glycol, Propanediol, Xylitylglucoside, Sucrose, Anhydroxylitol, Glyceryl Caprylate, Xylitol, Betaine, Ethylhexylglycerin, Glucose, Lecithin, Maltodextrin, Magnesium Aspartate, Zinc Gluconate, Aluminum Hydroxide, Copper Gluconate, PEG-60 Hydrogenated Castor Oil, Gellan Gum, Cyamopsis Tetragonoloba (Guar) Gum, Ceratonia Siliqua Gum, Calcium Chloride, Tin Oxide, Synthetic Fluorphlogopite, Bis(Glycidoxyphenyl)Propane/Bisaminomethylnorbornane Copolymer, Caprylhydroxamic Acid, Disodium EDTA, 1,2-Hexanediol, Ethyl Hexanediol Chlorphenesin, Phenoxyethanol, Mica, Blue 1 (CI 42090), Titanium Dioxide (CI 77891), Iron Oxides (CI 77491).)""}]";https://www.sephora.com/product/water-drench-broad-spectrum-spf-45-hyaluronic-sheer-tint-moisturizer-P516481?skuId=2866036;Water Drench Broad Spectrum SPF 45 Hyaluronic Sheer Tint Moisturizer;https://www.sephora.com/productimages/sku/s2866036-main-zoom.jpg
18;4bf5d29eca629958;USD;sephora.com;iNNBEAUTY PROJECT;Skincare;Lip Balms & Treatments;;"[""Hydrating"", ""Clean at Sephora"", ""Plumping"", ""Vegan"", ""High Shine Finish""]";What it is: A juicy, non-sticky, and vegan lip-oil-gloss hybrid that gives you soft, plump-looking, and deliciously glossy lips, formulated with natural colors and flavors. Skin Type: Normal, Dry, Combination, and Oily Formulation: Oil Highlighted Ingredients: - Natural Red-Root and Jojoba Oils: Nourishing and healing oils that soothe and moisturize dry, chapped lips. - Fermented Pomegranate: Helps to gently exfoliate so lips stay flake free. - Plant-Based Plumping Complex: Contains an active ingredient clinically proven to plump lips over time (Ecocert certified). Ingredient Callouts: This product is vegan, gluten-free, cruelty-free, and comes in recyclable packaging. What Else You Need to Know: Lips have no oil glands, so it is very important to protect, nourish, and moisturize them. Glaze gives you the shine of a gloss with the nourishing treatment of an oil—and zero stickiness. This oil-gloss hybrid feels ultra comfortable on lips, leaving you with a hint of color and mega shine. Clean at Sephora is ourommitment to offering effective products without certain ingredients, such as parabens, sulfates, phthalates, and mineral oils. Learn more here .;"[{""ingredients"": ""-Natural Red-Root and Jojoba Oils: Nourishing and healing oils that soothe and moisturize dry, chapped lips. -Fermented Pomegranate: Helps to gently exfoliate so lips stay flake free. -Plant-Based Plumping Complex: Contains an active ingredient clinically proven to plump lips over time (Ecocert certified). Erythrorhizon Root Oil Ferment Filtrate, Polyglyceryl-2 Isostearate/dimer Dilinoleate Copolymer, Hydrogenated Polyisobutene, Simmondsia Chinensis (Jojoba) Seed Oil, Silica Dimethyl Silylate, Lithospermum Erythrorhizon Root Extract, Dipalmitoyl Hydroxyproline, Natural Flavor, Dehydroacetic Acid, Punica Granatum (Pomegranate) Seed Oil, Stevioside, Malus Domestica (Apple fruit extract), Water/ Aqua, 1, 2-Hexanediol. The list of ingredients is subject to change, please consult the packaging of the product purchased.""}]";https://www.sephora.com/product/innbeauty-project-glaze-lip-oil-P471038?skuId=2458677;Glaze Lip Oil;https://www.sephora.com/productimages/sku/s2458677-main-zoom.jpg?pb=clean-at-sephora
24;4c37fae94773c1b9;USD;sephora.com;Then I Met You;Skincare;Lip Balms & Treatments;;"[""Good for: Dryness"", ""Lactic Acid"", ""Good for: Uneven Texture"", ""Alcohol Free"", ""Best for Dry, Combo, Normal Skin"", ""Without Parabens""]";What it is: A hydrating and exfoliating formula infused with honeydew and lactic acid, designed to be worn as a daily glossy balm and polishing nightly mask—for smooth, supple-feeling lips. Skin Type: Normal, Dry, Combination, and Oily Skincare Concerns: Dryness, Dullness, and Uneven Texture Formulation: Gel Highlighted Ingredients: - Honeydew Melon: Replenishes skin with rich levels of antioxidants and vitamins A and C. - Honey: Is a natural humectant that helps lips retain moisture. - Lactic Acid: Is a hydrating AHA that exfoliates skin’s surface layers. Ingredient Callouts: Free of parabens, formaldehydes, formaldehyde-releasing agents, phthalates, mineral oil, retinyl palmitate, oxybenzone, coal tar, hydroquinone, sulfates SLS & SLES, triclocarban, triclosan, and contains less than one percent synthetic fragrance. It is also gluten-free and cruelty-free. What Else You Need to Know: Designed with a hygienic silicone applicator, this versatile lip mask can be worn as a daily glossy balm or as a gentle eiating balm at night. Antioxidant-rich honeydew, squalane, and honey hug lips with hydration while an optimal level of lactic acid gently exfoliates for a soft, comfortable feeling. Clinical Results: In a consumer-perception study with 32 women (ages 20 to 59): - 99% said their lips felt hydrated for 12 hours - 97% said it hugged their lips without feeling sticky or tacky - 97% said their lips felt nourished and hydrated in the morning when applied at night;"[{""ingredients"": ""-Honeydew Melon: Replenishes skin with rich levels of antioxidants and vitamins A and C. -Honey: Is a natural humectant that helps lips retain moisture. -Lactic Acid: Is a hydrating AHA that exfoliates skin\u2019s surface layers. Diisostearyl Malate, Triethylhexanoin, Polyglyceryl-2 Isostearate/Dimer Dilinoleate Copolymer, Dipentaerythrityl Hexahydroxystearate/Hexastearate/Hexarosinate, Synthetic Wax, Cucumis Melo (Melon) Fruit Extract, Sodium Hyaluronate, Persea Gratissima (Avocado) Oil, Squalane, Lactic Acid, Tocopheryl Acetate, Olea Europaea (Olive) Fruit Oil, Ethylhexylglycerin, Water/Aqua/Eau, Sodium Ascorbyl Phosphate, Butylene Glycol, 1,2-Hexanediol, Mel/Honey Extract/Extrait De Miel, Fragrance (Aroma).""}]";https://www.sephora.com/product/then-i-met-you-honey-dew-hydrating-exfoliating-lip-mask-P514200?skuId=2828788;Honey Dew Hydrating and Exfoliating Lip Mask;https://www.sephora.com/productimages/sku/s2828788-main-zoom.jpg
68;4d6eaaf4e6284e00;USD;sephora.com;Tower 28 Beauty;Skincare;Cleansers;Toners;"[""Community Favorite"", ""Clean at Sephora"", ""Fragrance Free"", ""Vegan"", ""Good for: Redness"", ""Alcohol Free"", ""Good for: Acne/Blemishes""]";What it is: An award-winning daily facial spray, now in a value size, that soothes + purifies stressed-out skin helping to calm visible irritation and redness. Highlighted Ingredients: - Hypochlorous Acid: Helps soothe, purify, and care for sensitive or irritated skin, leaving looking skin clear, soft, and healthy. - Water + Sodium Chloride: Acts as the optimal delivery solution for hypochlorous acid. Ingredient Callouts: This product is vegan, gluten-free, cruelty-free, and comes in recyclable packaging. What Else You Need to Know: This spray is 100% natural, derm-tested, and clinically proven. Powered by hypochlorous acid, it's anti-inflammatory + antibacterial and helps calm your skin, support the skin barrier, and keep flare-ups at bay. This unique solution is pH balanced (4.5), alcohol-free, and safe to use all over the body. This product also has the National Eczema Association Seal of Acceptance™, National Psoriasis Foundation Seal of Recognition, and the National Rosacea Society Seal of Acceptance. inical Results: Based on a third party clinical test with 30 participants: - 100% experienced an improvement in appearance of skin redness after 1 hour - 100% saw a decrease in appearance of blemishes after 4 weeks - 87% experienced immediate relief from dry skin Based on a third party consumer test with 34 participants: - 87% felt their skin was soothed immediately after use Clean at Sephora is our commitment to offering effective products without certain ingredients, such as parabens, sulfates, phthalates, and mineral oils. Learn more here .;"[{""ingredients"": ""-Hypochlorous Acid: Naturally produced by the body's immune system, it's anti-inflammatory and antibacterial properties help defend your skin from harmful bacteria, reduce redness, and soothe irritation. -Water and Sodium Chloride: Act as the optimal delivery solution for hypochlorous acid. Water, Sodium Chloride, Hypochlorous Acid.. The list of ingredients is subject to change, please consult the packaging of the product purchased.""}]";https://www.sephora.com/product/tower-28-sos-daily-rescue-facial-spray-jumbo-P478042?skuId=2617983;Jumbo SOS Daily Rescue Facial Spray Refill with Hypochlorous Acid;https://www.sephora.com/productimages/sku/s2617983-main-zoom.jpg?pb=clean-at-sephora
28;4e2d25a9238399ca;USD;sephora.com;ALPYN;Skincare;Lip Balms & Treatments;;[];"What it is: An every-day, anytime mask—powered by sweet agave, hyaluronic acid, and smoothing willow bark—for soft, cushiony-feeling, fuller-looking lips. Skin Type: Normal, Dry, Combination, and Oily Skincare Concerns: Fine Lines and Wrinkles, Dryness, and Dullness Formulation: Balm Highlighted Ingredients: - Sweet Agave: Delivers lip-quenching, skin-smoothing hydration. - Hyaluronic Acid: Binds moisture, adding visible fullness. - Willow Bark: Exfoliates, smooths, and softens. Ingredient Callouts: This product is vegan, gluten-free, cruelty-free, and comes in recyclable packaging. What Else You Need to Know: Feeling tight lipped? This silky, hydrating daily mask is at your service. Hyaluronic acid and sweet agave extract bind moisture for increased hydration; white willow bark, nature’s salicylic acid, gently softens any roughness; and wild chokecherry and vitamin E contain antioxidants. Lips are left looking fuller, softer, smoother, and more supple. Clinical Results: In a consumer-perception study oubjects, after 7 days of use: - 100% agreed their lips felt more hydrated, nourished, and soothed - 100% agreed their lips appeared less dry and flaky - 92% agreed their dry chapped lips improved overnight Products formulated without certain ingredients, including parabens, sulfates, phthalates, and mineral oils, from brands that have met our specific criteria for ingredient sourcing and formulation, packaging, environmental commitments, and consumer transparency. Learn more here .";"[{""ingredients"": ""-Sweet Agave: Delivers lip-quenching, skin-smoothing hydration. -Hyaluronic Acid: Binds moisture, adding visible fullness. -Willow Bark: Exfoliates, smooths, and softens. Hydroxystearic/Linolenic/Oleic Polyglycerides, Helianthus Annuus (Sunflower) Seed Oil, Ricinus Communis (Castor) Seed Oil, Polyhydroxystearic Acid, Agave Tequilana Leaf Extract, Cocos Nucifera (Coconut) Oil, Hydrogenated Castor Oil, Capryloyl Glycerin/Sebacic Acid Copolymer, Helianthus Annuus (Sunflower) Seed Wax, Copernicia Cerifera (Carnauba) Wax, Aloe Barbadensis Leaf Extract, Salix Alba (White Willow Bark) Extract, Simmondsia Chinensis (Jojoba) Seed Oil, Linoleic Acid, Squalane, Tocopherol, C18-38 Alkyl Hydroxystearoyl Stearate, Moringa Oleifera Seed Oil, Rosa Centifolia Flower Extract, Eclipta Prostrata Extract, Citrus Limon (Lemon) Peel Oil, Menthyl Lactate, Melia Azadirachta Leaf Extract, Euterpe Oleracea Sterols, Sodium Hyaluronate, Stevia Rebaudiana Leaf/Stem Extract, Oleic Acid, Linolenic Acid, Citral, Citronellol, Limonene. The list of ingredients is subject to change. Please consult the packaging of the product purchased.""}]";https://www.sephora.com/product/alpyn-beauty-willow-sweet-agave-plumping-lip-mask-P483643?skuId=2801991;Willow & Sweet Agave Plumping Lip Mask;https://www.sephora.com/productimages/sku/s2801991-main-zoom.jpg?pb=clean-planet-aware
48;4f979f2558704edf;USD;sephora.com;Lancôm;Skincare;Moisturizers;Face Creams;"[""FSA/HSA Eligible""]";What it is: A lightweight moisturizer with SPF 50 that hydrates, primes, and protects with an invisible finish—for healthy-looking, visibly glowing skin. Skin Type: Normal, Dry, Combination, and Oily Skincare Concerns: Dryness Highlighted Ingredients: - Vitamin E: Helps protect skin from the sun with antioxidant benefits. - Moringa Extract: Possesses powerful antioxidant properties. - Edelweiss: Enhances skin’s resistance to external aggressors. Ingredient Callouts: Free of parabens and mineral oil. What Else You Need to Know: Part facial sunscreen, part moisturizer, and part makeup primer, this non-greasy, breathable formula absorbs quickly without leaving a white residue behind. It combines SPF 50, vitamin E, moringa extract, and edelweiss to deliver a hydrated, healthy-looking glow while helping prevent sunburn and decreasing the risk of sun-related aging. Clinical Results: In a 4-week consumer study with 88 women: Immediately: - 91% agreed skin felt soothed - 90% agreed skin felt softer - 82% said tha did not leave skin with a whitened appearance After 4 weeks: - 90% agreed skin felt more hydrated - 86% said skin tone looked more even - 85% agreed skin appeared more radiant with a healthy-looking glow;"[{""ingredients"": ""-Vitamin E: Helps protect skin from the sun with antioxidant benefits. -Moringa Extract: Possesses powerful antioxidant properties. -Edelweiss: Enhances skin\u2019s resistance to external aggressors. Avobenzone 3%, Homosalate 15%, Octisalate 5%, Octocrylene 7%, Water, Alcohol Denat., Styrene/Acrylates Copolymer, Dimethicone, Acrylates/Dimethicone Copolymer, Tocopherol, Dicaprylyl Ether, Sodium Polyacrylate, Sodium Dodecylbenzenesulfonate, Sodium Benzoate, Diethylhexyl Syringylidenemalonate, Phenoxyethanol, PEG-8 Laurate, Trisodium Ethylenediamine Disuccinate, Menthyl Lactate, Pentylene Glycol, Mentha Piperita (Peppermint) Extract, Xanthan Gum, Propanediol, Leontopodium Alpinum Flower/Leaf Extract, Caprylyl Glycol, Caprylic/Capric Triglyceride, Acrylates/C10-30 Alkyl Acrylate Crosspolymer, Moringa Oleifera Seed Extract, Rosa Meichibon/Delgramaue Callus, Disodium Phosphate, Citric Acid, Potassium Sorbate, Glycerin, Fragrance.""}]";https://www.sephora.com/product/uv-expert-aquagel-defense-primer-moisturizer-spf-50-P442750?skuId=2186773;UV Expert Defense SPF 50+  Primer & Moisturizer;https://www.sephora.com/productimages/sku/s2186773-main-zoom.jpg
32;514e49c98d145e4b;USD;sephora.com;REFY;Skincare;Cleansers;;"[""Good for: Dryness"", ""Alcohol Free"", ""Fragrance Free"", ""Liquid Formula"", ""Oil Free""]";What it is: A gentle cleanser that removes 100 percent of makeup, oils, and SPF, while cleansing and hydrating your skin without leaving it feeling tight or dry. Skin Type: Normal, Dry, Combination, and Oily Formulation: Liquid Highlighted Ingredients: - Trealix: Instantly hydrates the skin within 30 seconds. - Glycerin: Absorbs water like a magnet to intensely hydrate and visibly plump the skin. - Oil-like Emollients: Melt off makeup while moisturizing the skin. Ingredient Callouts: It is also gluten-free and cruelty-free. What Else You Need to Know: This two-in-one cleanser is designed to simplify your cleansing routine—doing the work of a double cleanse without the additional step. The formula starts as a serum to melt away makeup and SPF, before transforming to a whipped foam to extract all impurities and cleanse pores. Gentle enough for morning and evening use, your skin is left hydrated and enhanced. It’s also clinically tested and dermatologist approved. Clinical Results: In a consumer and clinicaldy of 26 volunteers (ages 18 to 65): - Removes 100% of makeup, oils, and SPF in a single use - 100% agreed their skin was clearer after 4 weeks of use - 93% agreed skin looked instantly cleansed and hydrated and it rinsed off without feeling tight after 4 weeks of use;"[{""ingredients"": ""-Trealix: Hydrates the skin within 30 seconds. -Glycerin: Absorbs water like a magnet to intensely hydrate and visibly plump the skin. -Oil-Like Emollients: Melt off makeup while moisturizing the skin. Aqua/Water/Eau, Dimethicone, Potassium Cocoyl Glycinate, Cocamidopropyl Betaine, Sodium Methyl Cocoyl Taurate, PEG-7 Glyceryl Cocoate, Sodium Lauroyl Sarcosinate, Propanediol, Acrylates Copolymer, Acrylates/C10-30 Alkyl Acrylate Crosspolymer, Styrene/Acrylates Copolymer, Hydrolyzed Vegetable Protein, Sodium Chloride, Glycerin, Trehalose, Citric Acid, Sodium Hydroxide, Caprylhydroxamic Acid, Sodium Benzoate, Caramel.""}]";https://www.sephora.com/product/face-cleanse-hydrating-cleanser-makeup-remover-P515019?skuId=2847549;Face Cleanse Hydrating Cleanser + Makeup Remover;https://www.sephora.com/productimages/sku/s2847549-main-zoom.jpg
95;5183c644a4c30552;USD;sephora.com;MACRENE actives;Skincare;Lip Balms & Treatments;;"[""Hydrating"", ""Clean at Sephora"", ""Natural Finish"", ""Hyaluronic Acid"", ""Plumping"", ""Cruelty-Free""]";What it is: A formula packed with plant oils, hyaluronic acid, peptides, and antioxidants to give you visibly plump, moisturized, and plush lips. Skin Type: Normal, Dry, Combination, and Oily Skincare Concerns: Fine Lines and Wrinkles, Dryness, and Dullness Formulation: Liquid Highlighted Ingredients: - Microencapsulated Hyaluronic Acid: Visibly plumps lips over time. - Ceramides: Care for and seal chapped lips. - Goldenrod Extract: Gives lips a plush look. Ingredient Callouts: This product is gluten-free and cruelty-free. What Else You Need to Know: This liquid plumps and thickens the look of your lips, cares for chapped areas, and naturally enhances your lip color—without causing swelling or irritation. Clean at Sephora is our commitment to offering effective products without certain ingredients, such as parabens, sulfates, phthalates, and mineral oils. Learn more here;"[{""ingredients"": ""-Microencapsulated Hyaluronic Acid: Visibly plumps lips over time. -Ceramides: Care for and seal chapped lips. -Goldenrod Extract: Gives lips a plush look. Hydrogenated Polyisobutene, Cocos Nucifera (Coconut) Oil, Squalane, Camellia Japonica Seed Oil, Helianthus Annuus (Sunflower) Seed Oil Unsaponifiables, Ethylhexyl Palmitate, Caprylic/Capric Triglyceride, Echium Plantagineum Seed Oil, Butyrospermum Parkii (Shea) Butter, Dimethyl Isosorbide, Dipalmitoyl Hydroxyproline, Sodium Hyaluronate, Ceramide NG, Helianthus Annuus (Sunflower) Seed Oil, Mentha Arvensis Oil, Rosmarinus Officinalis (Rosemary) Leaf Extract, Solidago Virgaurea (Goldenrod) Extract, Cnidium Monnieri Fruit Extract, Sesamum Indicum Seed Extract, Butyrospermum Parkii (Shea) Butter Unsaponifiables, Glycine Soja (Soybean) Oil, Silica Dimethyl Silylate, Alcohol, Butylene Glycol, Pentylene Glycol, Octyldodecanol, Octyldodecyl Oleate, Octyldodecyl Stearoyl Stearate, Tocopherol. The list of ingredients is subject to change, please consult the packaging of the product purchased.""}]";https://www.sephora.com/product/macrene-actives-plumping-high-performance-lip-filler-with-hyaluronic-acid-P505140?skuId=2674083;Plumping High Performance Lip Filler with Hyaluronic Acid;https://www.sephora.com/productimages/sku/s2674083-main-zoom.jpg?pb=clean-at-sephora
39;5415c11e2b02343d;USD;sephora.com;Drunk Elephant;Skincare;Cleansers;Face Wash & Cleansers;"[""Vegan""]";What it is: An innovative cleansing balm that melts all traces of dirt, makeup, and sunscreen from skin, removing even water-resistant formulations. Skin Type: Normal, Dry, Combination, and Oily Skincare Concerns: Dryness, Redness, and Dullness and Uneven Texture Formulation: Rich Oil Highlighted Ingredients: - Nourishing Fruit Salad Blend: A mix of non-fragrant, soothing fruit extracts (blueberry, kiwi, and strawberry) and replenishing fruit oils (cranberry seed oil, acai fruit oil, and watermelon seed oil) that comforts and moisturizes the skin. - Nourishing Oil Blend: A mix of moisturizing and lightweight oils (marula seed, baobab seed, kalahari melon seed, mongongo, and ximenia) that protects and nurtures the skin. - Bamboo and Charcoal Powder: Gently exfoliate away built-up dead, dry skin. Ingredient Callouts: This product is vegan and cruelty-free. What Else You Need to Know: Dermatologist tested and formulated with antioxidant-rich fruit extracts and oils to help soothe, with a nourishing blend of African oils, Slaai™ transforms from oil to milk, to cleanse and moisturize, leaving behind a dewy glow. This cleanser is free of essential oils, silicones, and fragrance. Drunk Elephant is committed to using only ingredients that either directly benefit the health of the skin or support the integrity of their formulations. The brand focuses on healthy pH levels, formulations the skin recognizes, small molecular structure that’s easily absorbed, and effective active ingredients that also support the skin’s acid mantle. All of their products are designed to be mixed together—what Drunk Elephant calls making a smoothie. (This is true for all of their products except their sunscreen, Umbra, which sits on top of the skin, protecting it from UV damage.) The result is skin that is reset to its happiest, healthiest state. Drunk Elephant is a supporter of IEF (International Elephant Foundation) and is cruelty-free. Awards: - Women‘s Health, 2019 Healthy Skin Awards - Refinery 29, 2019 Feature Story - InStyle, 2e Beauty Award - Allure, 2019 Best of Beauty Clean at Sephora is our commitment to offering effective products without certain ingredients, such as parabens, sulfates, phthalates, and mineral oils. Learn more here .;"[{""ingredients"": ""-Nourishing Fruit Salad Blend: A mix of non-fragrant, soothing fruit extracts (blueberry, kiwi, and strawberry) and replenishing fruit oils (cranberry seed oil, acai fruit oil, and watermelon seed oil) that comforts and moisturizes the skin. -Nourishing Oil Blend: A mix of moisturizing and lightweight oils (marula seed, baobab seed, kalahari melon seed, mongongo, and ximenia) that protects and nurtures the skin. -Bamboo and Charcoal Powder: Gently exfoliate away built-up dead, dry skin. Ethylhexyl Palmitate, Caprylic/Capric Triglyceride, Carthamus Tinctorius (Safflower) Seed Oil, Lauryl Laurate, Polyglyceryl-3 Laurate, Polyhydroxystearic Acid, Helianthus Annuus (Sunflower) Seed Wax, Polyglyceryl-10 Laurate, Sclerocarya Birrea Seed Oil, Euterpe Oleracea Fruit Oil, Actinidia Chinensis (Kiwi) Fruit Extract, Fragaria Ananassa (Strawberry) Seed Extract, Vaccinium Macrocarpon (Cranberry) Seed Oil, Borago Officinalis Seed Oil, Adansonia Digitata Seed Oil, Polyglyceryl-2 Caprate, Citrullus Lanatus (Watermelon) Seed Oil, Prunus Amygdalus Dulcis (Sweet Almond) Oil, Schinziophyton Rautanenii Kernel Oil, Vaccinium Angustifolium (Blueberry) Fruit Extract, Ximenia Americana Seed Oil, Tocopherol, Glycerin. The list of ingredients is subject to change, please consult the packaging of the product purchased.""}]";https://www.sephora.com/product/slaai-makeup-melting-butter-cleanser-P442566?skuId=2170355;Slaai™  Makeup-Melting Butter Cleans;https://www.sephora.com/productimages/sku/s2170355-main-zoom.jpg?pb=2020-03-allure-clean-2019
52;546a386cef7b11c8;USD;sephora.com;LAWLESS;Skincare;Moisturizers;Face Creams;"[""Fragrance Free"", ""Good for: Loss of firmness"", ""Good for: Anti-Aging"", ""Non-Comedogenic"", ""Oil Free"", ""Clean at Sephora""]";What it is: Oil-free, velvet cream powered by MAXI-YOUTH™, a clinically-proven complex that plumps, smooths, and hydrates the skin. Derm tested. Non-comedogenic. Non-acnegenic. Fragrance-free. Skin Type: Normal, Dry, Combination, and Oily Skincare Concerns: Fine Lines and Wrinkles, Dryness, and Loss of Firmness and Elasticity Formulation: Cream Highlighted Ingredients: - MAXI-YOUTH™: Improves the appearance of skin elasticity and wrinkles and smooths texture. - Octapeptide-3: Reduces the appearance of expression wrinkles. - Hexapeptide-8: Helps make the skin look tighter and firmer. Ingredient Callouts: This product is vegan and cruelty-free. What Else You Need to Know: Say goodbye to uneven texture, redness, fine lines, and patchy makeup application. This skin-smoothing moisturizer features MAXI-YOUTH™, a biomimetic hyaluronic acid complex that smooths fine lines and wrinkles, deeply moisturizes, and increases skin firmness and elasticity. Use as a smoothing primer or as an intensive overnight treatmennical Results: After only 4 weeks of use: 75% of subjects showed a decrease in facial acne lesions 91% said skin looks and feels smoother 94% showed improved skin elasticity Clean at Sephora is our commitment to offering effective products without certain ingredients, such as parabens, sulfates, phthalates, and mineral oils. Learn more here .;"[{""ingredients"": ""-MAXI-YOUTH\u2122: Improves the appearance of skin elasticity and wrinkles and smooths texture. -Octapeptide-3: Reduces the appearance of expression wrinkles. -Hexapeptide-8: Helps make the skin look tighter and firmer. Water, Hydrolyzed Yeast Extract, Isopropyl Isostearate, Dipentaerythrityl Hexahydroxystearate/Hexastearate/Hexarosinate, Propanediol, Undecane, Squalane, Cetearyl Olivate, Cetyl Alcohol, Glyceryl Stearate, Glycerin, Sorbitan Olivate, Butylene Glycol, Sorbitan Stearate, Methyl Glucose Sesquistearate, Tridecane, Butyrospermum Parkii (Shea) Butter, Tocopheryl Acetate, Trehalose, Saccharomyces/Xylinum/Black Tea Ferment, Caprylyl Glycol, Phenoxyethanol,Acrylates/C10-30 Alkyl Acrylate Crosspolymer, Caffeine, Carbomer, Hexylene Glycol, Sodium Hydroxide, Tetrasodium Glutamate Diacetate, Panthenol, Cetyl Hydroxyethylcellulose, Polyglucuronic Acid, Sodium Benzoate, Isostearic Acid, Potassium Sorbate, Lecithin, Tocopherol, Acetyl Hexapeptide-8, Acetyl Octapeptide-3. MAY CONTAIN: Red 40 (CI 16035), Blue 1 (CI 42090). . The list of ingredients is subject to change, please consult the packaging of the product purchased.""}]";https://www.sephora.com/product/forget-filler-skin-plumping-line-smoothing-moisturizer-makeup-primer-P507153?skuId=2694677;Forget the Filler Skin-Plumping Line-Smoothing Moisturizer + Makeup Primer;https://www.sephora.com/productimages/sku/s2694677-main-zoom.jpg?pb=clean-at-sephora
28;54dbe9df5f1cf18e;USD;sephora.com;Hello Sunday;Skincare;Sunscreen;Face Sunscreen;"[""Good for: Pores"", ""Hyaluronic Acid"", ""Good for: Anti-Aging"", ""Without Silicones"", ""FSA/HSA Eligible"", ""Best for Dry, Combo, Normal Skin""]";What it is: A sunscreen and primer that hydrates and protects for a blurred, velvety, lightweight finish. Skin Type: Normal, Dry, Combination, and Oily Skincare Concerns: Fine Lines and Wrinkles, Pores, and Uneven Texture Formulation: Lightweight Gel Highlighted Ingredients: - SPF 50: Sunscreen filters that protect and act as first line of defense against visible signs of aging. - Hyaluronic Acid: Locks in moisture and hydrates. - Natural Microalgae: Smooths the look of imperfections. Ingredient Callouts: Free of parabens, formaldehydes, formaldehyde-releasing agents, phthalates, mineral oil, retinyl palmitate, oxybenzone, coal tar, hydroquinone, sulfates SLS & SLES, triclocarban, triclosan, and contains less than one percent synthetic fragrance. It is also gluten-free and cruelty-free. What Else You Need to Know: This silicone-free, broad-spectrum SPF and primer defends against visible signs of aging. It is infused with hydrating hyaluronic acid, brightening vitamin C, and smoothing microalgae. It rubs in clear, is water- and sweat-resistant for up to 40 minutes, and is ideal for makeup lovers and those tackling humidity, sports, or workouts.;"[{""ingredients"": ""-SPF 50: Sunscreen filters that protect and act as first line of defense against visible signs of aging. -Hyaluronic Acid: Locks in moisture and hydrates. -Natural Microalgae: Smooths the look of imperfections. Octisalate 5%, Avobenzone 3%, Homosalate 7%, Octocrylene 9%, Inactive: Acrylates Crosspolymer, Coco-Caprylate/Caprate, Triheptanoin, C9-12 Alkane, Butyloctyl Salicylate, Dilinoleic Acid/Butanediol Copolymer, C12-15 Alkyl Benzoate, Caprylic/Capric Triglyceride, Vp/Eicosene Copolymer, Argania Spinosa Kernel Oil, Sodium Hyaluronate, Tocopheryl Acetate, Glycine Soja (Soybean) Oil, Oryza Sativa (Rice) Germ Extract, Oryza Sativa (Rice) Extract, Tetrahexyldecyl Ascorbate, Pongamia Glabra Seed Oil, Bisabolol, Physalis Angulata Extract, Dunaliella Salina Extract, Haematococcus Pluvialis Extract, Tocopherol, Castor Oil/Ipdi Copolymer, Caprylyl Glycol, Diethylhexyl Syringylidenemalonate, Ethylhexyl Palmitate, Polyglyceryl-3 Diisostearate, Trihydroxystearin, Glucomannan.""}]";https://www.sephora.com/product/hello-sunday-the-invisible-one-spf-50-hydrating-sunscreen-primer-with-hyaluronic-acid-P510551?skuId=2753275;The Invisible One SPF 50 Hydrating Face Sunscreen + Primer with Hyaluronic Acid;https://www.sephora.com/productimages/sku/s2753275-main-zoom.jpg
40;573aad1d460f5f60;USD;sephora.com;Fenty Beauty by Rihanna;Skincare;Value & Gift Sets;;"[""Hydrating"", ""Clean at Sephora"", ""Good for: Dryness"", ""Vegan"", ""Black Owned at Sephora"", ""High Shine Finish""]";"What it is: The ultimate lip care pair for super-soft lips sealed with a kiss. Treat your pout to a stronger moisture barrier with Fenty Treatz. Boost lips’ smoothness, firmness and bounce with Plush Puddin’. Put these thirst-quenching treats on repeat to keep your lips plump and juicy day and night. Skin Type: Normal, Dry, Combination, and Oily Skincare Concerns: Dryness Highlighted Ingredients: - Jojoba Seed & Rosehip Fruit Oils: Lock in moisture and soothe dry lips. - Barbados Cherry (Acerola) & Wild Cherry Extracts: Antioxidant-rich; condition and renew lips. - Pomegranate Sterols: All-natural vegan alternative to lanolin; enhance lips’ moisture barrier and boost hydration. Ingredient Callouts: These products are vegan, gluten-free, cruelty-free, and come in recyclable packaging. What Else You Need to Know: Plush Puddin Lip Mask: Get hydrated and nourished lips fast. This mask reduces the look of fine lines and wrinkles and visibly improves bounce and elasticity. Lips are left looking fuller, more sd, and defined. It’s infused with a light scent and flavor. Fenty Treatz Hydrating + Strengthening Lip Oil: This antioxidant-rich formula defends lips against environmental stressors. It nourishes dry, chapped lips, and visily plumps lips with hydration while decadent oils bind moisture to lips. It features a yummy scent and an ultra-plush doe-foot applicator for the ultimate treat. This Set Contains: - 0.19 oz/ 5.6 mL Fenty Treatz Hydrating + Strengthening Lip Oil - 0.5 oz/ 15 mL Plush Puddin’ Intensive Recovery Lip Mask With Pomegranate Sterols + Vitamin E Research Results: Fenty Treatz Hydrating + Strengthening Lip Oil -Hydrates and strengthens lips’ moisture barrier for fuller-looking lips Antioxidant-rich formula defends lips against environmental stressors Instantly conditions and softens lips, improving lips’ texture over time Infused with a yummy, ripe Barbados Cherry-inspired scent Plush Puddin’ Intensive Recovery Lip Mask -Instantly hydrates + nourishes and provides long-lasting hydration ht -Smooths texture and reduces the look of lines and wrinkles in just 1 week -Firms and improves elasticity in just 1 week -Infused with a light Vanilla-inspired scent";"[{""ingredients"": ""-Jojoba Seed & Rosehip Fruit Oils: Lock in moisture and soothe dry lips. -Barbados Cherry (Acerola) & Wild Cherry Extracts: Antioxidant-rich; condition and renew lips. -Pomegranate Sterols: All-natural vegan alternative to lanolin; enhance lips\u2019 moisture barrier and boost hydration. Fenty Treatz Hydrating + Strengthening Lip Oil: Polyglyceryl-2 Triisostearate, Polyglyceryl-2 Isostearate/Dimer Dilinoleate Copolymer, Diphenyl Dimethicone, Silica Dimethyl Silylate, Prunus Avium (Sweet Cherry) Seed Oil, Simmondsia Chinensis (Jojoba) Seed Oil, Dextrin Palmitate, Rosa Canina Fruit Oil, Malpighia Glabra (Acerola) Fruit Extract*, Prunus Serotina (Wild Cherry) Fruit Extract*, Raphanus Sativus (Radish) Root Extract, Maltodextrin, Citric Acid, Aqua/Water/Eau, Benzyl Alcohol, Benzyl Benzoate, Dehydroacetic Acid, Butylene Glycol, 1,2-Hexanediol, Aroma/Flavor. Plush Puddin\u2019 Intensive Recovery Lip Mask With Pomegranate Sterols + Vitamin E: Polybutene, Hydrogenated Polydecene, Bis-Diglyceryl Polyacyladipate-2, Ricinus Communis (Castor) Seed Oil, Caprylic/Capric Triglyceride, Hydrogenated Styrene/Isoprene Copolymer, Polyethylene, Silica, Cocos Nucifera (Coconut) Oil, Malpighia Punicifolia (Acerola) Fruit Extract, Punica Granatum Flower Extract, Punica Granatum Sterols, Tocopherol, Tocopheryl Acetate, Simmondsia Chinensis (Jojoba) Seed Oil, Aroma/Flavor, Pentaerythrityl Tetra-Di-T-Butyl Hydroxyhydrocinnamate, Polyglyceryl-3 Diisostearate, Dicalcium Phosphate, Phenoxyethanol, Titanium Dioxide (Ci 77891), Yellow 5 Lake (Ci 19140), Iron Oxides (Ci 77491). The list of ingredients is subject to change. Please consult the packaging of the product purchased.""}]";https://www.sephora.com/product/fenty-skin-rihanna-perfect-puck-r-hydrating-lip-care-duo-P511733?skuId=2766376;Perfect Puck'r Hydrating Lip Care Duo;https://www.sephora.com/productimages/sku/s2766376-main-zoom.jpg?pb=clean-at-sephora
14;57bf70d3262f0845;USD;sephora.com;innisfree;Skincare;Shop by Concern;Pores;"[""Good for: Pores"", ""Fragrance Free"", ""Cruelty-Free"", ""Matte Finish"", ""Best for Oily, Combo, Normal Skin""]";What it is: A Korean, talc-free, sebum-absorbing translucent powder infused with Jeju Island minerals that keeps skin looking smooth and matte. Skin Type: Normal, Combination, Dry, and Oily Skin Concerns: Pores and Oiliness Highlighted Ingredients: - Jeju Island Minerals: Visibly blur pores and absorb excess oil. Ingredient Callouts: This product is vegan, gluten-free, and cruelty-free. What Else You Need to Know: This multi-use loose powder absorbs excess oils and sets makeup or skincare for a soft, matte look. Its portable size and included powder puff make it easy to apply, even on the go. Clean Clean at Sephora is our commitment to offering effective products without certain ingredients, such as parabens, sulfates, phthalates, and mineral oils. Learn more here .;"[{""ingredients"": ""-Jeju Island Minerals: Visibly blur pores and absorb excess oil. Silica, Aluminum Starch Octenylsuccinate, Dimethicone/Vinyl Dimethicone Crosspolymer, Caprylic/Capric Triglyceride, Mica, Methicone, Ethylhexylglycerin, Dimethicone, Glyceryl Caprylate, Mineral Salts, Tocopherol. The list of ingredients is subject to change. Please consult the packaging of the product purchased.""}]";https://www.sephora.com/product/no-sebum-matte-mineral-blurring-loose-setting-powder-P516875?skuId=2875383;No Sebum Matte Mineral Blurring Loose Setting Powder;https://www.sephora.com/productimages/sku/s2875383-main-zoom.jpg?pb=clean-at-sephora
22;57e8a5ec2ca1e910;USD;sephora.com;CLINIQUE;Skincare;Lip Balms & Treatments;;[];What it is: An intense, multitasking lip treatment that smooths, relieves dryness, and preps for soft, dewy lips. Skincare Concerns: Dryness Ingredient Callouts: Free of parabens and phthalates. This product is also vegan, cruelty-free, and gluten-free, and comes in recyclable packaging. What Else You Need to Know: Deliver visibly plumping hydration for soft and supple lips. This anytime, multitasking treatment instantly moisturizes, smooths, and preps lips for makeup. It is formulated with lip-loving ingredients like lipids, shea butter, and ceramides.;"[{""ingredients"": ""Petrolatum, Polybutene, Polyglyceryl-2 Triisostearate, Hydrogenated Polyisobutene, Tocopheryl Acetate, Pvp/Hexadecene Copolymer, Silica, Hydrogenated Castor Oil, Ppg-51/Smdi Copolymer, Caprylic/Capric/Myristic/Stearic Triglyceride, Ceramide Ng, Astrocaryum Murumuru Seed Butter, Sea Whip Extract, Butyrospermum Parkii (Shea Butter), Cholesterol, Caprylyl Glycol, Caprylic/Capric Triglyceride, C12-16 Alcohols, Ethylene/Propylene/Styrene Copolymer, Tetrahexyldecyl Ascorbate, Palmitic Acid, Hydrogenated Lecithin, Butylene/Ethylene/Styrene Copolymer. Please be aware that ingredient lists may change or vary from time to time. Please refer to the ingredient list on the product package you receive for the most up-to-date list of ingredients.""}]";https://www.sephora.com/product/moisture-surge-lip-hydro-plump-treatment-P448559?skuId=2240299;Moisture Surge™ Lip Hydro-Plump Treatme;https://www.sephora.com/productimages/sku/s2240299-main-zoom.jpg
39;58a0f6b374a7f12b;USD;sephora.com;Drunk Elephant;Skincare;Treatments;Face Serums;"[""Good for: Loss of firmness"", ""Good for: Dark spots"", ""allure 2024 Best of Beauty Award Winner"", ""Clean at Sephora"", ""Good for: Uneven Texture"", ""Good for: Anti-Aging"", ""Trending on Social""]";What it is: This antioxidant-rich, peptide-infused serum delivers a bronzy wash of color while boosting skin’s elasticity and supporting healthy barrier function. Skin Type: Normal, Dry, Combination, and Oily Skincare Concerns: Dark Spots, Fine Lines and Wrinkles, and Dullness Formulation: Lightweight Liquid Highlighted Ingredients: -Cocoa Extract: Provides powerful antioxidant and soothing benefits. -Matrixyl 3000 Peptide Blend: Helps reduce the appearance of fine lines and wrinkles while promoting elasticity and resilience. -Chronocyclin: This chronopeptide mimics the antioxidant benefits of vitamin D. Ingredient Callouts: This product is vegan, cruelty-free. What Else You Need to Know: With a chronopeptide that mimics vitamin D’s antioxidant benefits, D-Bronzi flatters every complexion—without the sun damage. Like Drunk Elephant's other color serum drops O-Bloos and B-Goldi, D-Bronzi is designed to be mixed with any Drunk Elephant moisturizer or serum to add the prettiest hint of color. This serum istologist tested and free of essential oils, silicones, and fragrance. Drunk Elephant is committed to using only ingredients that either directly benefit the health of the skin or support the integrity of their formulations. The brand focuses on healthy pH levels, formulations the skin recognizes, small molecular structure that’s easily absorbed, and effective active ingredients that also support the skin’s acid mantle. All of their products are designed to be mixed together—what Drunk Elephant calls making a smoothie. (This is true for all of their products except their sunscreen, Umbra, which sits on top of the skin, protecting it from UV damage.) The result is skin that is reset to its happiest, healthiest state. Drunk Elephant is a supporter of IEF (International Elephant Foundation) and is cruelty-free. This product is an Allure Best of Beauty award winner. Clinical Results: In a consumer-perception study with 32 people after 28 days: -90% agreed skin felt smooth -87% agreed skin felt soothed and hy Clean at Sephora Clean at Sephora is our commitment to offering effective products without certain ingredients, such as parabens, sulfates, phthalates, and mineral oils. Learn more here .;"[{""ingredients"": ""-Cocoa Extract: Provides powerful antioxidant and soothing benefits. -Matrixyl 3000 Peptide Blend: Helps reduce the appearance of fine lines and wrinkles while promoting elasticity and resilience. -Chronocyclin: This chronopeptide mimics the antioxidant benefits of vitamin D. Water, Hydrogenated Polyisobutene, Glyceryl Oleate Citrate, Mica, Hydroxyethyl Acrylate/Sodium Acryloyldimethyl Taurate Copolymer, Glycerin, Ribes Nigrum (Black Currant) Seed Oil, Sclerocarya Birrea Seed Oil, Theobroma Cacao (Cocoa) Extract, Caprylic/Capric Triglyceride, Vitis Vinifera (Grape) Seed Extract, Lecithin, Acetyl Tetrapeptide-17, Linoleic Acid, Linolenic Acid, Sorbitan Isostearate, Camellia Sinensis Leaf Extract, Maltodextrin, Sodium Hyaluronate Crosspolymer, Magnolia Officinalis Bark Extract, Glutamylamidoethyl Imidazole, Colloidal Platinum [Nano], Tocopherol, Phenoxyethanol, Pentylene Glycol, Sodium Benzoate, Sorbic Acid, Caprylyl Glycol, Boron Nitride, Hexylene Glycol, Polysorbate 60, Ethylhexylglycerin, CI 77491 (Iron Oxides), CI 77492 (Iron Oxides), CI 77499 (Iron Oxides), Sodium C14-16 Olefin Sulfonate. The list of ingredients is subject to change, please consult the packaging of the product purchased.""}]";https://www.sephora.com/product/d-bronzi-tm-anti-pollution-sunshine-serum-P432668?skuId=2404721;D-Bronzi™ Bronzing Drops with Peptid;https://www.sephora.com/productimages/sku/s2404721-main-zoom.jpg?pb=allure-2024-bestofbeauty
28;59896f912e103661;USD;sephora.com;fresh;Skincare;Lip Balms & Treatments;;"[""Without Parabens"", ""Without Silicones"", ""Without Sulfates SLS & SLES"", ""Clean at Sephora"", ""Good for: Dryness"", ""Alcohol Free""]";What it is: An ointment clinically shown to visibly repair dry, flaky lips and to relieve other uncomfortable, dry patches of skin—for a smooth, healthy look. Skin Type: Dry Skincare Concerns: Dryness Formulation: Balm Highlighted Ingredients: - Sugar: Has a science-backed, long-lasting hydrating effect. - Plant-Based Emollients: Replenish and retain moisture, leaving skin soft and smooth. - Ceramide NP: Fortifies the skin barrier. Ingredient Callouts: Free of parabens, formaldehydes, formaldehyde-releasing agents, phthalates, mineral oil, retinyl palmitate, oxybenzone, coal tar, hydroquinone, sulfates SLS & SLES, triclocarban, triclosan, and contains less than one percent synthetic fragrance. What Else You Need to Know: This universal, multiuse ointment coats lips (and any other dry skin patches) with a protective layer, delivering up to 72 hours of hydration, smoothing flaky spots, and relieving discomfort from dryness. Infused with hydrating sugar and nourishing plant-based emollients, this restorative fmula will be your new winter hero. Clinical Results: In a self-assessment of 66 subjects, after the first application: - 98% felt it soothed and relieved discomfort from dryness In an instrumental test on 30 subjects, results showed: - 72 hours of hydration In a 4-week self-assessment of 33 subjects, participants observed: - 38% less visibly damaged lips Clean at Sephora is our commitment to offering effective products without certain ingredients, such as parabens, sulfates, phthalates, and mineral oils. Learn more here .;"[{""ingredients"": ""-Sugar: Has a science-backed, long-lasting hydrating effect. -Plant-Based Emollients: Replenish and retain moisture, leaving skin soft and smooth. -Ceramide NP: Fortifies the skin barrier. Ricinus Communis (Castor) Seed Oil, Simmondsia Chinensis (Jojoba) Seed Oil, Bis-Diglyceryl Polyacyladipate-2, Hydroxystearic Acid, Vitis Vinifera (Grape) Seed Oil, Stearic Acid, Glyceryl Behenate/Eicosadioate, Stearalkonium Hectorite, Ribes Nigrum (Black Currant) Seed Oil, Carthamus Tinctorius (Safflower) Seed Oil, Tocopherol, Triethyl Citrate, Parfum (Fragrance), Pentaerythrityl Tetra-Di-T-Butyl Hydroxyhydrocinnamate, Propylene Carbonate, Ceramide NP, Squalane, Sucrose Tetrastearate Triacetate, Candida Bombicola/Glucose/Methyl Rapeseedate Ferment, Ascorbyl Palmitate, Linalool, Limonene, Geraniol. The list of ingredients is subject to change, please consult the packaging of the product purchased.""}]";https://www.sephora.com/product/fresh-sugar-advanced-therapy-lip-rescue-ointment-P509778?skuId=2737880;Sugar Advanced Therapy Lip Rescue Ointment;https://www.sephora.com/productimages/sku/s2737880-main-zoom.jpg?pb=clean-at-sephora
22;5ab923cde2c4129a;USD;sephora.com;Supergoop!;Skincare;Sunscreen;Face Sunscreen;"[""FSA/HSA Eligible"", ""allure 2020 Best of Beauty Award Winner"", ""Hyaluronic Acid"", ""Vegan"", ""Cruelty-Free"", ""Radiant Finish""]";What it is: A glowy tinted sunscreen that hydrates skin & primes for makeup with a radiant finish & broad spectrum SPF protection. Skin Type: Normal, Dry, Combination, and Oily Skincare Concerns: Dullness, Dryness, and Fine Lines and Wrinkles Formulation: Lotion Highlighted Ingredients: - Hyaluronic Acid and Vitamin B5: Help boost moisture in the skin, leaving it feeling soft and nurtured. - Sea Lavender: Helps provide powerful antioxidant protection while also supporting long-lasting hydration. - Cocoa Peptides: Help protect the skin from blue-light damage. Ingredient Callouts: This product is cruelty-free, and gluten-free. What Else You Need to Know: This multitasking primer with SPF gives skin an instant glow-up. Formulated with hyaluronic acid, niacinamide & vitamin B5 to hydrate & perfect, this broad spectrum tinted sunscreen creates an instant glow on its own or under makeup. Plus, it helps filter blue light from tech! This product is an Allure Best of Beauty winner.;"[{""ingredients"": ""-Hyaluronic Acid and Vitamin B5: Help boost moisture in the skin, leaving it feeling soft and nurtured. -Sea Lavender: Provides powerful antioxidant protection while also supporting long-lasting hydration. -Cocoa Peptides: Help protect the skin from blue-light damage. Avobenzone 3%, Octisalate 5%, Octocrylene 10%, Water, Propanediol, Butyloctyl Salicylate, Glycerin, C12-15 Alkyl Benzoate, Polymethylsilsesquioxane, Niacinamide, Glyceryl Stearate Citrate, Bismuth Oxychloride, Mica, Titanium Dioxide, Lauryl Lactate, Isododecane, Isodecyl Neopentanoate, Glyceryl Stearate, Diisopropyl Sebacate, Cetyl Phosphate, Caprylic/Capric Triglyceride, Coco-Caprylate, Ethylhexyl Hydroxystearate, Butylene Glycol, Arginine, Hydroxyacetophenone, Caprylyl Glycol, 1,2-Hexanediol, Iron Oxides, Sodium Hyaluronate, Chlorphenesin, Acrylates/C10-30 Alkyl Acrylate Crosspolymer, Trisodium Ethylenediamine Disuccinate, Phospholipids, Limonium Gerberi Extract, Leuconostoc/ Radish Root Ferment Filtrate, Theobroma Cacao (Cocoa) Seed Extract, Pantothenic Acid, Tocopherol, Helianthus Annuus (Sunflower) Seed Oil, Ferulic Acid.""}]";https://www.sephora.com/product/supergoop-mini-glowscreen-sunscreen-spf-40-pa-P482320?skuId=2549756;Mini Glowscreen Sunscreen SPF 40 with Hyaluronic Acid + Niacinamide;https://www.sephora.com/productimages/sku/s2549756-main-zoom.jpg
71;5f137a31e5700d88;USD;sephora.com;Murad;Skincare;Treatments;Face Serums;"[""FSA/HSA Eligible""]";What it is: A three-in-one solution addressing the look of wrinkles, pores, and uneven texture with a velvety-smooth colorless formula that primes for 12 hours of flawless makeup wear. Highlighted Ingredients: - Mushroom Peptides: Fight visible signs of aging to help restore the look of firmness. - Soft-Focus Complex: Smooths skin for visibly improved tone. - Sunflower and Cucumber Extracts: Enhance skin’s moisture retention. Ingredient Callouts: This product is gluten-free and cruelty-free. What Else You Need to Know: This innovative colorless primer combines skin benefits from peptides and plant extracts with invisible SPF to defend against UV damage for flawless-looking makeup benefits. This product is cruelty-free, non-comedogenic, and formulated without gluten- and animal-derived ingredient;"[{""ingredients"": ""-Mushroom Peptides: Fight visible signs of aging to help restore the look of firmness. -Soft-Focus Complex: Smooths skin for visibly improved tone. -Sunflower and Cucumber Extracts: Enhance skin\u2019s moisture retention. Isododecane, Dimethicone/Bis-Isobutyl PPG-20 Crosspolymer, Caprylic/Capric Triglyceride, Caprylyl Methicone, Phenyl Trimethicone, Diethylhexyl 2,6-Naphthalate, Hydrogenated Soybean Oil, Ribes Nigrum (Black Currant) Seed Oil, Paeonia Suffruticosa Root Extract, Rosmarinus Officinalis (Rosemary) Leaf Extract, Solidago Virgaurea (Goldenrod) Extract, Helianthus Annuus (Sunflower) Seed Extract, Hordeum Vulgare (Barley) Extract, Cucumis Sativus (Cucumber) Fruit Extract, Lentinus Edodes (Shiitake Mushroom) Extract, Mucor Miehei Extract, Propylene Glycol Dicaprate, Tocopheryl Acetate, Retinyl Palmitate, Ascorbic Acid, Octyldodecanol, Octyldodecyl Stearoyl Stearate, Octyldodecyl Oleate, Hydrogenated Soy Polyglycerides, Silica, Sodium Propoxyhydroxypropyl Thiosulfate Silica, Butylene Glycol, C15-23 Alkane, PEG-8 Dimethicone, Alcohol, Benzyl Benzoate, Citral, Hexyl Cinnamal, Hydroxyisohexyl 3-Cyclohexene Carboxaldehyde, Limonene, Linalool, Fragrance.""}]";https://www.sephora.com/product/invisiblur-perfecting-shield-broad-spectrum-spf-30-pa-P394397?skuId=2212058;Invisiblur™ Perfecting Face Sunscreen Broad Spectrum SPF 30 PA+;https://www.sephora.com/productimages/sku/s2212058-main-zoom.jpg
47,5;6347bca7bbdeb15c;USD;sephora.com;Glow Recipe;Skincare;Treatments;Face Serums;"[""Clean + Planet Aware"", ""Hyaluronic Acid"", ""Vegan"", ""Niacinamide"", ""Good for: Uneven Texture"", ""High Shine Finish""]";What it is: A clinically effective, multi-purpose serum that evens skin tone with two sheer tints and helps visibly brighten skin over time with niacinamide. Skin Type: Normal, Dry, Combination, and Oily Skincare Concerns: Uneven Tone, Dryness, and Dullness Formulation: Lightweight Gel Highlighted Ingredients: - Niacinamide: Visibly reduces hyperpigmentation and minimizes the look of pores over time. - Centella Asiatica: Antioxidant that softens and calms skin, decreasing the appearance of redness. - Hyaluronic Acid and Watermelon: Hydrates, soothes, and delivers essential vitamins to the skin. Ingredient Callouts: Free of formaldehydes, formaldehyde-releasing agents, mineral oil, oxybenzone, coal tar, and hydroquinone. It is also cruelty-free. What Else You Need to Know: This serum features the brightening and hydrating power of our best-selling Dew Drops, now in two sheer tints for a lasting, radiant glow. Sun Glow delivers a warm, sun-kissed glow, while Rosy Glow gives an illuminating, soft pink finish—lving skin brighter, glowing and never streaky or patchy. Clinical Results: 96% agreed this product brightens & evens out skin tone* 96% agreed this product improves skin’s texture* *Based on a consumer use study of 31 participants after 4 weeks 96% agreed this product’s sheer, buildable formula works well with their skin t Products formulated without certain ingredients, including parabens, sulfates, phthalates, and mineral oils, from brands that have met our specific criteria for ingredient sourcing and formulation, packaging, environmental commitments, and consumer transparency. Learn more he;"[{""ingredients"": ""Aqua/Water/Eau, Propanediol, Glycereth-26, Glycerin, Niacinamide, 2,3-Butanediol, 1,2-Hexanediol, Cetyl Ethylhexanoate, Citrullus Lanatus Fruit Extract, Centella Asiatica Extract, Sodium Hyaluronate, Mica, Coffea Arabica Seed Extract, Polyglyceryl-3 Methylglucose Distearate, Tromethamine, Glyceryl Stearate SE, Carbomer, Acrylates/C10-30 Alkyl Acrylate Crosspolymer, Ethylhexylglycerin, Xanthan Gum, Polyquaternium-51, Butylene Glycol, Tocopherol, Fragrance/Parfum, Benzyl Benzoate, Iron Oxides (CI 77491, CI 77499), Titanium Dioxide (CI 77891). The list of ingredients is subject to change, please consult the packaging of the product purchased.""}]";https://www.sephora.com/product/glow-recipe-watermelon-glow-niacinamide-hue-drops-sun-glow-serum-P509844?skuId=2742195;Watermelon Glow Niacinamide Hue Drops Serum;https://www.sephora.com/productimages/sku/s2742195-main-zoom.jpg?pb=clean-planet-aware
240;63cde8781ea852de;USD;sephora.com;Dr. Barbara Sturm;Skincare;Moisturizers;Face Creams;"[""Good for: Loss of firmness"", ""Hyaluronic Acid"", ""Good for: Uneven Texture"", ""Fragrance Free"", ""Best for Dry, Combo, Normal Skin""]";What it is: A moisturizer to target visible signs of aging, inspired by Barbara Sturm’s Glow Drops (sold separately), for immediate hydration and luminosity. Skin Type: Normal, Dry, and Combination Skincare Concerns: Fine Lines and Wrinkles, Dryness, and Dullness Formulation: Cream Highlighted Ingredients: - Bistorta Root Extract: Visibly smooths fine lines and increases radiance. - Triple Hyaluronic Acid: Provides intensive hydration. - Light-Reflecting Pearl Pigments: Deliver instant shimmer. Ingredient Callouts: Free of parabens, formaldehydes, formaldehyde-releasing agents, phthalates, mineral oil, retinyl palmitate, oxybenzone, coal tar, hydroquinone, sulfates SLS & SLES, triclocarban, triclosan, and contains less than one percent synthetic fragrance. It is also gluten-free and cruelty-free. What Else You Need to Know: Combining advanced science with nutrient- and hydration-rich ingredients, Glow Cream is ideal for anyone wishing to boost their skin’s visible vitality, both immediately and in the lonrm. It’s fragrance-free and suitable for all skin types, including sensitive ski;"[{""ingredients"": ""-Bistorta Root Extract: Visibly smooths fine lines and increases radiance. -Triple Hyaluronic Acid: Provides intensive hydration. -Light-Reflecting Pearl Pigments: Deliver instant shimmer. Aqua/Water/Eau, Octyldodecanol, C12-15 Alkyl Benzoate, Glycerin, Butyrospermum Parkii (Shea) Butter, Decyl Oleate, Zea Mays (Corn) Germ Oil, Cetearyl Alcohol, Hydrogenated Vegetable Glycerides, Lactobacillus/Portulaca Oleracea Ferment Extract, Butylene Glycol, Sorbitol, Potassium Cetyl Phosphate, Cocoglycerides, Dimethylimidazolidinone Rice Starch, Tocopheryl Acetate, Polygonum Bistorta Root Extract, Rosa Canina Fruit Extract, Saccharide Isomerate, Squalane, Panthenol, Ethylhexylglycerin, Sodium Hyaluronate, Tocopherol, Biosaccharide Gum-1, Leuconostoc/Radish Root Ferment Filtrate, Caprylyl Glycol, Synthetic Fluorphlogopite, Hydrogenated Palm Glycerides, Mica, Microcrystalline Cellulose, Sclerotium Gum, Helianthus Annuus (Sunflower) Seed Oil, Cellulose Gum, Hexylene Glycol, Xanthan Gum, Tin Oxide, Silica, Alumina, Citric Acid, Pantolactone, Phenoxyethanol, Sodium Benzoate, CI 77891, CI 77491.""}]";https://www.sephora.com/product/dr-barbara-sturm-glow-cream-P511547?skuId=2777019;Glow Cream;https://www.sephora.com/productimages/sku/s2777019-main-zoom.jpg
110;646ec334a7baaa10;USD;sephora.com;Bobbi Brown;Skincare;Moisturizers;Face Creams;"[""Gluten Free"", ""Vitamin C"", ""Hydrating"", ""Hyaluronic Acid"", ""Plumping"", ""Without Parabens""]";What it is: A primer with moisturizing benefits for smooth makeup applicationit’s the best of both worlds. Skin Type: Normal, Combination, and Oily Skincare Concerns: Dryness, Fine Lines and Wrinkles, and Oiliness Formulation: Cream Ingredient Callouts: Free of sulfates SLS and SLES, parabens, and phthalates. This product is also vegan and gluten-free. What Else You Need to Know: This formula combines the moisturizing power of shea butter with vitamins B, C, and E. Grapefruit and geranium fragrances leave a light, uplifting scent on skin. With daily use, skin looks and feels its be;"[{""ingredients"": ""-Vitamins B, C, and E: Help replenish and condition skin with essential nourishment. -Hyaluronic Acid, Squalane, and Shea Butter: Help quickly hydrate, visibly plump, and prep skin for a fresh, healthy-looking glow. -Grapefruit and Geranium: Leave a light, uplifting scent on skin. Water\\Aqua\\Eau, Cyclopentasiloxane, Bis-Diglyceryl Polyacyladipate-2, Butylene Glycol, Ppg-2 Myristyl Ether Propionate, Cetyl Alcohol, Peg-40 Stearate, Butyrospermum Parkii (Shea Butter), Squalane, Glyceryl Stearate, Sorbitan Stearate, Epilobium Angustifolium Extract, Yeast Extract\\Faex\\Extrait De Levure, Beta-Carotene, Sodium Hyaluronate, Citrus Grandis (Grapefruit) Peel Oil, Tocopheryl Acetate, Methyl Glucose Sesquistearate, Pelargonium Graveolens (Geranium) Flower Oil, Dimethicone Crosspolymer, Acrylates/C10-30 Alkyl Acrylate Crosspolymer, Carbomer, Peg-20 Methyl Glucose Sesquistearate, C12-15 Alkyl Ethylhexanoate, Tetrasodium Edta, Sodium Hydroxide, Panthenol, Magnesium Ascorbyl Phosphate, Limonene, Citronellol, Geraniol, Linalool, Chlorphenesin, Phenoxyethanol. Please be aware that ingredient lists may change or vary from time to time. Please refer to the ingredient list on the product package you receive for the most up-to-date list of ingredients.""}]";https://www.sephora.com/product/bobbi-brown-vitamin-enriched-face-base-jumbo-P468634?skuId=2421840;Jumbo Vitamin Enriched Face Base Moisturizer & Primer with Vitamin C + Hyaluronic Acid;https://www.sephora.com/productimages/sku/s2421840-main-zoom.jpg
18;6472c0929c51fd25;USD;sephora.com;Fenty Beauty by Rihanna;Skincare;Cleansers;Face Wash & Cleansers;"[""Oil Free"", ""Clean at Sephora"", ""Good for: Pores"", ""Vegan"", ""Black Owned at Sephora"", ""Vitamin C""]";"What it is: Get that fresh, clean feeling with our plush creamy cleanser that refines the look of pores and instantly washes away dirt, oil and impurities without leaving skin feeling tight. Skin Type: Normal, Dry, Combination, and Oily Skincare Concerns: Pores, Oiliness Formulation: Cream Scent: Original: Smells like cherries and coconut Highlighted Ingredients: -Barbados Cherry (Acerola): Loaded with more vitamin C than an orange; visibly brightens skin. -Gingko Biloba: Absorbs surface oil and clarifies skin. -Green Tea: Antioxidant-rich; defends against environmental stressors. Ingredient Callouts: This product is gluten-free, cruelty-free, vegan. What Else You Need to Know: Cleanse with a non-stripping, feel-good formula that transforms from a decadent cream to a plush lather. The creamy formula is infused with Antioxidant-packed Barbados Cherry to help revitalize skin and mineral-rich Quince fruit and Coconut-derived cleansers to comfort and refresh. Sensorial from start to finish with a lush, tropical fruit and floral scent. Clinical Results: In a consumer study on 54 women: Instantly: reduces surface oil on skin After One Use: - 98% of users agree it thoroughly cleanses and refreshes skin - 98% of users agree it cleanses pores - 98% of users agree it removes dirt and oil Clean at Sephora is our commitment to offering effective products without certain ingredients, such as parabens, sulfates, phthalates, and mineral oils. Learn more here .";"[{""ingredients"": ""-Barbados Cherry (Acerola): Every one of these tropical cherries is loaded with more vitamin C than an orange. -Gingko Biloba: A tree commonly used in ancient Chinese healing techniques; it helps control surface oil and clarify skin. -Green Tea: Rich in antioxidants to help defend against environmental stressors. Aqua/Water/Eau, Sodium Cocoyl Glycinate, Sodium Cocoamphoacetate, Cocamidopropyl Betaine, Sodium Chloride, Polyglyceryl-10 Laurate, Glycerin, Acrylates/C10-30 Alkyl Acrylate Crosspolymer, Glycol Distearate, Sucrose, Malpighia Punicifolia (Acerola) Fruit Extract, Chaenomeles Sinensis Fruit Extract, Camellia Sinensis Leaf Extract, Ficus Carica (Fig) Fruit Extract, Ginkgo Biloba Leaf Extract, Tocopheryl Acetate, Coconut Acid, Sodium Cocoate, Sodium Metabisulfite, Polyquaternium-7, Sodium Benzotriazolyl Butylphenol Sulfonate, Butylene Glycol, Caprylyl Glycol, Sodium Benzoate, Phenoxyethanol, Parfum/Fragrance, Benzyl Salicylate, Blue 1 (Ci 42090), Red 40 (Ci 16035), Titanium Dioxide (Ci 77891), Yellow 5 (Ci 19140), Yellow 6 (Ci 15985). The list of ingredients is subject to change, please consult the packaging of the product purchased.""}]";https://www.sephora.com/product/fenty-skin-total-cleans-r-remove-it-all-cleanser-P467247?skuId=2459402;Total Cleans'r Remove-It-All Cleanser with Barbados Cherry;https://www.sephora.com/productimages/sku/s2459402-main-zoom.jpg?pb=clean-at-sephora
30;65a9ae90ef65e8a1;USD;sephora.com;Clarins;Skincare;Lip Balms & Treatments;;"[""Shimmer Finish"", ""Hydrating"", ""Plumping"", ""Without Parabens"", ""Without Sulfates SLS & SLES"", ""Without Phthalates""]";What it is: A lip-plumping gloss with instant 3-D shine and a sheer, shimmer finish, plus a nourishing formula that smooths, hydrates, softens, and visibly plumps lips. Formulation Type: Lip Gloss Benefits: Hydrating, Plumping Highlighted Ingredients: - Shea Butter: Enriched in vitamin F, nourishes and conditions lips. - Wild Mango Butter: Moisturizes and conditions lips. Ingredient Callouts: Free of parabens, formaldehydes, formaldehyde-releasing agents, phthalates, retinyl palmitate, oxybenzone, coal tar, hydroquinone, sulfates SLS & SLES, triclocarban, triclosan, and contains less than one percent synthetic fragrance. What Else You Need to Know: This gloss is formulated with nourishing shea and wild mango butters to condition the skin. The angled cushion applicator delivers the perfect amount of color with precision. The melting texture glides on with a delicate vanilla scent. Wear on the lips and cheeks for a natural, healthy glow.;"[{""ingredients"": ""-Shea Butter: Enriched in vitamin F, nourishes and conditions lips. -Wild Mango Butter: Moisturizes and conditions lips. Paraffinum Liquidum/Mineral Oil/Huile Minerale, Diisostearyl Malate, Hydrogenated Styrene/Isoprene Copolymer, Ozokerite, Butyrospermum Parkii (Shea) Butter, Dipentaerythrityl Tetrahydroxystearate/-Tetraisostearate, Polyethylene, Hydrogenated Polyisobutene, Octyldodecanol, Caprylic/Capric Triglyceride, Nylon-12, Butyrospermum Parkii (Shea) Butter Unsaponifiables, Irvingia Gabonensis Kernel Butter, Ethylhexyl Palmitate, Parfum/Fragrance, Silica, Hydrogenated Coco-Glycerides, Oryzanol, Tribehenin, Ammonium Glycyrrhizate, Cetyl PEG/PPG-10/1 Dimethicone, Hexyl Laurate, Polyglyceryl-4 Isostearate, Tocopheryl Acetate, Sorbitan Isostearate, Triethoxycaprylylsilane, Isopropyl Titanium Triisostearate, Palmitoyl Oligopeptide, BHT, Tocopherol. May Contain: Mica, CI 77891/Titanium Dioxide, CI 77491/CI 77492/CI 77499/Iron Oxides, CI 15850/Red 6 Lake/Red 7 Lake, CI 15985/Yellow 6 Lake, CI 42090/Blue 1 Lake, CI 75470/Carmine, CI 19140/Yellow 5 Lake, CI 45410/Red 27/Red 28 Lake, CI 73360/Red 30 Lake, CI 17200/Red 33 Lake, CI 45370/Orange.""}]";https://www.sephora.com/product/clarins-lip-perfector-sheer-lip-gloss-P512207?skuId=2774834;Lip Perfector Sheer Lip Gloss;https://www.sephora.com/productimages/sku/s2774834-main-zoom.jpg
24;65ab7a5062abc326;USD;sephora.com;fresh;Skincare;Lip Balms & Treatments;;"[""Plumping"", ""Hydrating"", ""Liquid Formula"", ""Good for: Dryness"", ""High Shine Finish""]";What it is: A glossy tinted oil that delivers up to 24 hours of hydration and fuller-looking lips with each use. Formulation Type: Lip Oil Benefits: Hydrating, Long-wearing, and Plumping Highlighted Ingredients: - Sugar: Scientifically shown to have a hydrating effect. - Plum Seed, Black Currant, and Grapeseed Oils: Maintain hydration, leaving lips feeling soft, smooth, and supple. - Squalane: Helps to restore and replenish moisture. What Else You Need to Know: Fresh’s conditioning lip oil treats lips to a cushiony layer of nonsticky shine. Infused with sugar, the nourishing formula includes squalane and omega-rich fruit oils to coat lips with sheer, juicy color. Lips look and feel fuller, softer, and smoother with a high-shine finish. Clinical Results: In a self-assessment questionnaire by 62 subjects, immediately after the first application: - 97% agree it smooths the appearance of dry, flakey lips in 1 swipe - 94% agree lips are healthy-looking & have a luminous sheen In an instrumental test with 11 subjts, after 1 application, results show: - 24 hours of hydration - 1 swipe visibly repairs and hydrates Clean at Sephora Our commitment to offering formulas that go beyond regulatory standards to avoid controversial ingredients without sacrificing effectiveness.;"[{""ingredients"": ""-Sugar: Scientifically shown to have a hydrating effect. -Plum Seed, Black Currant, and Grapeseed Oils: Maintain hydration, leaving lips feeling soft, smooth, and supple. -Squalane: Helps to restore and replenish moisture. Squalane; Pentaerythrityl Tetraisostearate; Simmondsia Chinensis (Jojoba) Seed Oil; Dextrin Palmitate; Ethylene/Propylene/Styrene Copolymer; Disteardimonium Hectorite; Prunus Domestica Seed Oil; Ricinus Communis (Castor) Seed Oil; Ribes Nigrum (Black Currant) Seed Oil; Vitis Vinifera (Grape) Seed Oil; Tocopheryl Acetate; Tocopherol; Glyceryl Behenate/Eicosadioate; Propylene Carbonate; Butylene/Ethylene/Styrene Copolymer; Pentaerythrityl Tetra-Di-T-Butyl Hydroxyhydrocinnamate; Ammonium Glycyrrhizate; Sucrose Tetrastearate Triacetate; Aluminum Hydroxide; Vanillin; Polyglyceryl-3 Polyricinoleate; Propyl Gallate; Parfum (Fragrance); Limonene; Benzyl Alcohol; Citral; Linalool; [+/- CI 77891 (Titanium Dioxide); CI 15985 (Yellow 6 Lake); CI 15850 (Red 7, Red 7 Lake); CI 77491, CI 77499 (Iron Oxides)]. The list of ingredients is subject to change. Please consult the packaging of the product purchased.""}]";https://www.sephora.com/product/sugar-treat-hydrating-high-shine-lip-oil-P516841?skuId=2865376;Sugar Treat Hydrating High Shine Lip Oil;https://www.sephora.com/productimages/sku/s2865376-main-zoom.jpg?pb=clean-at-sephora
16;6e4299ee63477997;USD;sephora.com;Fenty Beauty by Rihanna;Skincare;Lip Balms & Treatments;;"[""Black Owned at Sephora"", ""Hydrating"", ""Good for: Dryness"", ""Cruelty-Free"", ""Natural Finish"", ""Clean at Sephora""]";What it is: A Barbados cherry-powered lip balm—in sleek, mess-free packaging—that immediately hydrates with a blend of butters and oils for soft, smooth lips. Skin Type: Normal, Dry, Combination, and Oily Skincare Concerns: Dryness, Dullness, and Loss of Firmness and Elasticity Highlighted Ingredients: - Barbados Cherry (Acerola) Extract: Is an ingredient containing more vitamin C than an orange that visibly conditions and revives lips. - Sweet Cherry Seed Oil: Delivers essential fatty acids and hydration for soft lips. - Murumuru, Mango, Cocoa, and Shea Butters: Hydrate, nourish, and visibly renew dry, chapped lips. Ingredient Callouts: This product is vegan, gluten-free, cruelty-free, and comes in recyclable packaging. What Else You Need to Know: This hydrating, conditioning, and nourishing balm glides on effortlessly to rapidly revive and renew the look of dry, chapped lips. It has a juicy Barbados cherry-inspired flavor and a natural finish. Clinical Results: In a 1-week clinical study on 50 people: Iiately: - It hydrated lips - It improved the texture and moisture barrier of lips All day: - It hydrated lips - It fortified the skin barrier After 1 week: - 98% agreed it had a natural finish - 96% agreed it nourished lips - 94% agreed it revived dry, flaky lips Clean at Sephora is our commitment to offering effective products without certain ingredients, such as parabens, sulfates, phthalates, and mineral oils. Learn more here .;"[{""ingredients"": ""-Barbados Cherry (Acerola) Extract: Is an ingredient containing more vitamin C than an orange that visibly conditions and revives lips. -Sweet Cherry Seed Oil: Delivers essential fatty acids and hydration for soft lips. -Murumuru, Mango, Cocoa, and Shea Butters: Hydrate, nourish, and visibly renew dry, chapped lips. Butyrospermum Parkii (Shea) Butter, Bis-Diglyceryl Polyacyladipate-2, Mangifera Indica (Mango) Seed Butter, Diisostearyl Malate, Hydrogenated Polyisobutene, Synthetic Beeswax, Polymethylsilsesquioxane, Silica, Dimethicone, Bis-Behenyl/Isostearyl/Phytosteryl Dimer Dilinoleyl Dimer Dilinoleate, Cetyl Ricinoleate, Synthetic Fluorphlogopite, Calcium Carbonate, Helianthus Annuus (Sunflower) Seed Oil, Persea Gratissima (Avocado) Oil, Synthetic Wax, Sucrose Tetrastearate Triacetate, Theobroma Cacao (Cocoa) Seed Butter, Tribehenin, Candelilla Cera/Euphorbia Cerifera (Candelilla) Wax/Cire De Candelilla, Prunus Avium (Sweet Cherry) Seed Oil, Malpighia Punicifolia (Acerola) Fruit Extract, Astrocaryum Murumuru Seed Butter, Tocopheryl Acetate, Tocopherol, Glycine Soja (Soybean) Oil, Caprylic/Capric Triglyceride, Stevioside, Triethoxycaprylylsilane, Dehydroacetic Acid, Dimethicone/Vinyl Dimethicone Crosspolymer, Parfum/Fragrance, Phenoxyethanol. The list of ingredients is subject to change, please consult the packaging of the product purchased.""}]";https://www.sephora.com/product/lux-balm-ultra-hydrating-cherry-lip-balm-P508880?skuId=2730919;Lux Balm Ultra-Hydrating Cherry Lip Balm;https://www.sephora.com/productimages/sku/s2730919-main-zoom.jpg?pb=clean-at-sephora
81;6ea0de4b3ccce82f;USD;sephora.com;Gucci;Skincare;Moisturizers;Mists & Essences;"[""Hydrating"", ""Hyaluronic Acid"", ""Radiant Finish"", ""Long-wearing"", ""Vegan""]";What it is: A glowy, hydrating beauty mist to prep, set, or refresh the skin, formulated with soothing, protective, and setting ingredients. Highlighted Ingredients: - Black Rose Oil: Creates the mist’s soothing and antioxidant properties. - Hyaluronic Acid: Provides skin with hydration and a healthy-looking glow. What Else You Need to Know: This is a beauty mist to prep, set, or refresh the skin for up to 48 hours. It can be used before, during, or post-makeup wear and helps shield skin from pollution. Multiuse and unisex, use it to prepare skin for makeup, set the final look, or refresh it in a cloud of hydration at any time during the da;"[{""ingredients"": ""-Black Rose Oil: Creates the mist\u2019s soothing and antioxidant properties. -Hyaluronic Acid: Provides skin with hydration and a healthy-looking glow. Aqua/Water/Eau, Glycerin, Trimethylsiloxysilicate, Pentylene Glycol, Dimethicone, Cetyl Ethylhexanoate, Butylene Glycol, Sodium Pca, Caprylic/Capric Triglyceride, Rosa Centifolia Flower Water, Sucrose, Phenoxyethanol, 1,2-Hexanediol, Sodium Citrate, Ethylhexylglycerin, Sodium Chloride, Citric Acid, Parfum/Fragrance, Sodium Hyaluronate, Dimethylmethoxy Chromanol, Rosa Hybrid Flower Extract, Sodium Benzoate, Limonene, Potassium Sorbate, Linalool, Benzyl Salicylate.""}]";https://www.sephora.com/product/gucci-brume-de-beaute-beauty-mist-P500471?skuId=2508141;Brume de Beauté Beauty Mis;https://www.sephora.com/productimages/sku/s2508141-main-zoom.jpg
18;748baa36a4b49c82;USD;sephora.com;Herbivore;Skincare;Lip Balms & Treatments;;"[""Hydrating"", ""Best for Dry Skin"", ""Clean + Planet Aware"", ""Plumping"", ""Vegan""]";What it is: An ultra-hydrating, jelly lip balm that moisturizes and softens lips instantly with a sheer, glossy finish. Skin Type: Normal, Dry, Combination, and Oily Skincare Concerns: Dryness and Dullness Highlighted Ingredients: - Linoleic Acid from 5 Natural Oils: Linoleic acid, an essential fatty acid, rehydrates lips and locks in moisture. - Vegan Wax: Vegan emollient softens, smooths, and boosts moisture barrier. - Shea Butter: 8.5% seed butter, a natural moisturizer, soothes and comforts dry lips. Ingredient Callouts: Free of parabens, formaldehydes, formaldehyde-releasing agents, phthalates, mineral oil, retinyl palmitate, oxybenzone, coal tar, hydroquinone, sulfates SLS & SLES, triclocarban, triclosan, and contains less than one percent synthetic fragrance. It is also gluten-free, cruelty-free, and comes in recyclable packaging. What Else You Need to Know: This 100% vegan formula rehydrates parched lips fast with plant-based butters and oils. Apply any time for an immediate moisture boost or at bedtime as an overnight mask. Products formulated without certain ingredients, including parabens, sulfates, phthalates, and mineral oils, from brands that have met our specific criteria for ingredient sourcing and formulation, packaging, environmental commitments, and consumer transparency. Learn more here .;"[{""ingredients"": ""-Linoleic Acid from 5 Natural Oils: Linoleic acid, an essential fatty acid, rehydrates lips and locks In moisture. -Vegan Wax: Vegan emollient softens, smooths, and boosts moisture barrier. -Shea Butter: 8.5% seed butter, a natural moisturizer, soothes and comforts dry lips. Ricinus Communis (Castor) Seed Oil, Butyrospermum Parkii (Shea) Butter, Dimer Dilinoleyl Dimer Dilinoleate, Bis-Diglyceryl Polyacyladipate-2, Polyhydroxystearic Acid, Phytosteryl/Isostearyl/Cetyl/Stearyl/Behenyl Dimer Dilinoleate, Pentaerythrityl Tetraisostearate, Hydrogenated Castor Oil, Candelilla Cera, Helianthus Annuus (Sunflower) Seed Oil, Simmondsia Chinensis (Jojoba) Seed Oil, Punica Granatum (Pomegranate) Flower Extract, Salvia Hispanica (Chia) Seed Oil, Olea Europaea (Olive) Fruit Oil, Acacia Decurrens (Mimosa) Flower Wax, Tremella Fuciformis (Mushroom) Extract, Copernicia Cerifera Cera, Jojoba Esters, Ammonium Glycyrrhizate, Vanillin, Polyglyceryl-3 Diisostearate, Caprylic/Capric Triglyceride, Ethylhexylglycerin, Polyglycerin-3, Alkanna Tinctoria Root Extract, Titanium Dioxide, Tocopherol, Phenoxyethanol, Flavor/Aroma.* *Natural Flavor. The list of ingredients is subject to change. Please consult the packaging of the product purchased.""}]";https://www.sephora.com/product/herbivore-botanicals-dream-jelly-vegan-multi-oil-lip-balm-for-hydration-plumping-P510936?skuId=2766665;Dream Jelly Vegan Multi-Oil Lip Balm for Hydration and Plumping;https://www.sephora.com/productimages/sku/s2766665-main-zoom.jpg?pb=clean-planet-aware
29;760dfe9f77f18304;USD;sephora.com;Tatcha;Skincare;Lip Balms & Treatments;;"[""Hydrating"", ""Vegan"", ""Plumping"", ""Community Favorite"", ""Good for: Dryness"", ""Clean at Sephora""]";What it is: A luscious jelly lip mask that works all day or overnight to plump, hydrate, and smooth, restoring fullness and softness to dry, flaky lips. Skin Type: Normal, Dry, Combination, and Oily Skincare Concerns: Dryness, Fine Lines and Wrinkles, and Dullness and Uneven Texture Formulation: Gel Highlighted Ingredients: - Japanese Peach Extract: Helps to repair damaged lips, revitalize, and calm irritation. - Three Rose Extract: Protects from dryness and visibly smoothens for healthier lips. - Japanese Camellia Oil (Tsubaki): Seals in moisture and nurtures with of vitamins A, B, D, and E and nourishing omegas 3, 6, and 9—this featherweight botanical oil is richer in oleic acid than olive oil. Ingredient Callouts: This product is vegan and cruelty-free. What Else You Need to Know: Mask treatments made from fresh fruits and botanicals have been beloved in Japan for generations. Japanese women traditionally chopped peach seeds and mixed them with oils to help repair dry, flaky lips. This time-tested secretnspired The Kissu Lip Mask. Consumer Results: Based on an independent clinical study of 40 women: After one night: -95% agreed lips felt soothed, soft, and supple -92% agreed lips felt deeply moisturized -100% showed improvement in lip plumpness After one week: -92% agreed lips felt deeply repaired -90% agreed lips felt firmer + looked pillowy -100% experienced an improvement in the overall condition of the lips After two weeks: -100% experienced an improvement in texture of lips -92% experienced an improvement in dryness + flakiness Clean at Sephora is our commitment to offering effective products without certain ingredients, such as parabens, sulfates, phthalates, and mineral oils. Learn more here .;"[{""ingredients"": ""-Japanese Peach Extract: Helps to repair damaged lips, revitalize, and calm irritation. -Three Rose Extract: Protects from dryness and visibly smoothens for healthier lips. -Japanese Camellia Oil (Tsubaki): Seals in moisture and nurtures with of vitamins A, B, D, and E and nourishing omegas 3, 6, and 9\u2014this featherweight botanical oil is richer in oleic acid than olive oil. Triisostearin, Polyglyceryl-2 Triisostearate, Squalane, Sucrose Hexaisostearate, Dextrin Palmitate, Aluminum Distearate, Dextrin Palmitate/Ethylhexanoate, Camellia Japonica Seed Oil, Prunus Persica (Peach) Kernel Extract, Prunus Persica (Peach) Fruit Water, Citrus Unshiu Peel Extract, Rosa Canina Fruit/(Rosa Centifolia/Rosa Damascena) Flower Extract, Lithospermum Officinale Root Extract, Saccharomyces/Camellia Sinensis Leaf/Cladosiphon Okamuranus/Rice Ferment Filtrate*, Allantoin, Stearyl Glycyrrhetinate, Tocopherol, Ethylhexyl Palmitate, Tribehenin, Sorbitan Isostearate, Palmitoyl Tripeptide-1, Pyridoxine Hcl, Aqua/Water/Eau, Propanediol, Butylene Glycol, Ethylhexylglycerin, Parfum/Fragrance, Phenoxyethanol, Iron Oxides (Ci 77491), Lauroyl Lysine, Aluminum Hydroxide, Silica. *Hadasei-3 The list of ingredients is subject to change, please consult the packaging of the product purchased.""}]";https://www.sephora.com/product/tatcha-the-kissu-lip-mask-P453225?skuId=2315315;The Kissu Hydrating & Plumping Lip Mask;https://www.sephora.com/productimages/sku/s2315315-main-zoom.jpg?pb=clean-at-sephora
29;767d4e10e2a9f61f;USD;sephora.com;iNNBEAUTY PROJECT;Skincare;Value & Gift Sets;;"[""Vegan"", ""Hydrating"", ""Plumping"", ""Good for: Dryness"", ""Without Mineral Oil"", ""Cruelty-Free""]";What it is: A set that features two bestselling lip gloss-oil hybrids in Candy Apple and Mystery Glaze. Skin Type: Normal, Dry, Combination, and Oily Skincare Concerns: Dryness Highlighted Ingredients: - Natural Red-Root and Jojoba Oils: Nurturing and healing oils that soothe and moisturize dry, chapped lips. - Fermented Pomegranate: Helps to gently exfoliate so lips stay flake-free. - Plant-Based Plumping Complex: Peptide clinically shown to smooth and visibly plump lips over time. Ingredient Callouts: These products are vegan and cruelty-free. What Else You Need to Know: The Glaze Lip Oil is the perfect nurturing gloss-oil hybrid that is always glossy and never sticky. The Candy Apple shade delivers the perfect pop of sheer, glossy red while Mystery Glaze shade changes with the pH of your lips for a customized glossy-pink tint. This set is also part of iNNBEAUTY PROJECT’s sustainability pledge: For every product iNNBEAUTY PROJECT sells, they fund the removal of two units of plastic from landfills, waterwa, and marine environments to be recycled and repurposed. This Set Contains: - 2 x 0.2 oz/ 6 mL Glaze Lip Oils in Candy Apple, Mystery Glaze Clean at Sephora is our commitment to offering effective products without certain ingredients, such as parabens, sulfates, phthalates, and mineral oils. Learn more here .;"[{""ingredients"": ""-Natural Red-Root and Jojoba Oils: Nurturing and healing oils that soothe and moisturize dry, chapped lips. -Fermented Pomegranate: Helps to gently exfoliate so lips stay flake free. -Plant-Based Plumping Complex: Peptide clinically shown to smooth and visibly plump lips over time. Candy Apple: Saccharomyces/lithospermum Erythrorhizon Root Oil Ferment Filtrate, Polyglyceryl-2 Isostearate/Dimer Dilinoleate Copolymer, Hydrogenated Polyisobutene, Simmondsia Chinensis (Jojoba) Seed Oil, Silica Dimethyl Silylate, Lithospermum Erythrorhizon Root Extract, Dipalmitoyl Hydroxyproline, Natural Flavor, Dehydroacetic Acid, Punica Granatum (Pomegranate) Seed Oil, Stevioside, Malus Domestica (Apple fruit extract), Water/Aqua, 1, 2-Hexanediol. Mystery Glaze: Diisostearyl Malate, Polyglyceryl-2 Isostearate/Dimer Dilinoleate Copolymer, Simmondsia Chinensis (Jojoba) Seed Oil, Silica Dimethyl Silylate, Natural Flavor, Saccharomyces/Lithospermum Erythrorhizon Root Oil Ferment Filtrate, Punica Granatum (Pomegranate) Seed Oil, Fragaria Chiloensis (Strawberry) Fruit Extract, Fraxinus Rhynchophylla Extract, Raphanus Sativus (Radish) Root Extract, Glycerin, Water/Aqua/Eau, Citric Acid, Stevioside, Dehydroacetic Acid, Maltodextrin, Red 27(Ci 45410:1) Red 6(Ci 15850), Red 7 Lake, 1,2-Hexanediol. The list of ingredients is subject to change, please consult the packaging of the product purchased.""}]";https://www.sephora.com/product/innbeauty-project-get-glazed-lip-duo-P505617?skuId=2674372;Get Glazed Lip Duo;https://www.sephora.com/productimages/sku/s2674372-main-zoom.jpg?pb=clean-at-sephora
32;77aa19b7047f700f;USD;sephora.com;Drunk Elephant;Skincare;Cleansers;Makeup Removers;"[""Good for: Dryness"", ""Vegan"", ""Cruelty-Free"", ""Clean at Sephora"", ""Fragrance Free""]";What it is: A milky, ceramide-rich micellar water that thoroughly and gently removes makeup, dirt, pollution, and bacteria from the face and eye area—no rinsing needed. Skin Type: Normal, Dry, Combination, and Oily Skincare Concerns: Dryness Formulation: Lightweight Liquid Highlighted Ingredients: - Micellar Cleansing Blend: A mix of ultra-gentle, dirt- and pollution-capturing surfactants and emollients. - 3-Ceramide Blend: Ceramides AP, NP, and EOP are derived from plant sources and are identical to the wax-like moisturizing ceramides that occur naturally in skin and help soothe and maintain the moisture balance of skin while protecting against water loss. Ceramides help fill in the spaces between skin cells, giving them the appearance of elasticity and playing a critical role in supporting the skin barrier. - Wild Melon Seed Oil: Cold pressed and rich in omega 6 and 9 fatty acids (linoleic and oleic) as well as antioxidant polyphenols, it‘s used for its soothing, moisturizing, and barrier-supportive bens. Ingredient Callouts: This product is cruelty-free and comes in recyclable packaging. What Else You Need to Know: With ultra-mild micelles, replenishing fatty acids, and antioxidant-rich plant oils, E-Rase™ nourishes skin while dissolving away makeup and dirt, is barrier-supportive and may be used anytime you need a quick skin refreshment. E-Rase™ is gentle enough to be used all over, including eyes and lips, formulated at a skin-friendly pH of 5.0 and dermatologist tested. This micellar water is free of essential oils, silicones, fragrance, PEGs, and irritants. Drunk Elephant is committed to using only ingredients that either directly benefit the health of the skin or support the integrity of their formulations. The brand focuses on healthy pH levels, formulations the skin recognizes, small molecular structure that’s easily absorbed, and effective active ingredients that also support the skin’s acid mantle. All of their products are designed to be mixed together—what Drunk Elephant calls making a (This is true for all of their products except their sunscreen, Umbra, which sits on top of the skin, protecting it from UV damage.) The result is skin that is reset to its happiest, healthiest state. Drunk Elephant is a supporter of IEF (International Elephant Foundation) and is cruelty-free. Clean at Sephora is our commitment to offering effective products without certain ingredients, such as parabens, sulfates, phthalates, and mineral oils. Learn more here .;"[{""ingredients"": ""-Micellar Cleansing Blend: A mix of ultra-gentle, dirt- and pollution-capturing surfactants and emollients. -3-Ceramide Blend: Ceramides AP, NP, and EOP are derived from plant sources and are identical to the wax-like moisturizing ceramides that occur naturally in skin and helpsoothe and maintain the moisture balance of skin while protecting against water loss. Ceramides help fill in the spaces between skin cells, giving them the appearance of elasticity and playing a critical role in supporting the skin barrier. -Wild Melon Seed Oil: Cold pressed and rich in omega 6 and 9 fatty acids (linoleic and oleic) as well as antioxidant polyphenols, it\u2019s used for its soothing, moisturizing, and barrier-supportive benefits. Water/Aqua/Eau, Cetearyl Isononanoate, Propanediol, C15-19 Alkane, Dicaprylyl Carbonate, Heptyl Undecylenate, Sclerocarya Birrea Seed Oil, Adansonia Digitata Seed Oil, Prunus Amygdalus Dulcis (Sweet Almond) Oil, Schinziophyton Rautanenii Kernel Oil, Tocopherol, Acrylates/C10-30 Alkyl Acrylate Crosspolymer, Citrullus Lanatus (Watermelon) Seed Oil, Ximenia Americana Seed Oil, Sodium Lauroyl Lactylate, Ceramide AP, Ceramide EOP, Ceramide NP, Cholesterol, Phytosphingosine, Xanthan Gum, Carbomer, Sodium Hydroxide, Phenoxyethanol, Potassium Sorbate, Polysorbate 20, Ethylhexylglycerin. The list of ingredients is subject to change, please consult the packaging of the product purchased.""}]";https://www.sephora.com/product/drunk-elephant-e-rase-milki-micellar-water-P460515?skuId=2382489;E-Rase™ Milki Micellar Wat;https://www.sephora.com/productimages/sku/s2382489-main-zoom.jpg?pb=clean-at-sephora
46;7ab218b24b839ff4;USD;sephora.com;DAMDAM;Skincare;Cleansers;Face Wash & Cleansers;"[""Cruelty-Free"", ""Good for: Pores"", ""Fragrance Free"", ""Clean + Planet Aware"", ""Vegan"", ""Good for: Dryness""]";What it is: A makeup remover, effective yet gentle on the eyes, for a double-cleanse ritual to purge pore buildup while maintaining hydration. Skin Type: Dry and Combination Skincare Concerns: Pores, Dryness, and Loss of Firmness and Elasticity Formulation: Lightweight Oil Highlighted Ingredients: - Rice Bran Oil: Purifies and prevents pore buildup from makeup while visibly tightening skin. - Sunflower Seed Oil: Rich in vitamin E and linoleic acid to support healing and retain moisture. Ingredient Callouts: This product is vegan, gluten-free, cruelty-free, and comes in recyclable packaging. What Else You Need to Know: Inspired by the Japanese ritual of purifying skin with milky, soothing water from washed rice, this ultra-light oil cleanser melts away waterproof makeup and grime and is gentle enough for the delicate eye area. Rice bran oil contains antioxidants and squalane for a clean, luminous glow. Products formulated without certain ingredients, including parabens, sulfates, phthalates, and mineral oils, from brands that have met our specific criteria for ingredient sourcing and formulation, packaging, environmental commitments, and consumer transparency. Learn more here .;"[{""ingredients"": ""-Rice Bran Oil: Purifies and prevents pore buildup from makeup while visibly tightening skin. -Sunflower Seed Oil: Rich in vitamin E and linoleic acid to support healing and retain moisture. Caprylic/Capric Triglyceride, Octyldodecanol, Dicaprylyl Ether, Polyglyceryl-10 Diisostearate, Oryza Sativa (Rice) Bran Oil, Polyglyceryl-4 Caprate, Water, Tocopherol, Helianthus Annuus (Sunflower) Seed Oil. The list of ingredients is subject to change, please consult the packaging of the product purchased.""}]";https://www.sephora.com/product/dam-dam-silk-rice-makeup-removing-cleansing-oil-P472025?skuId=2463099;Silk Rice Makeup-Removing Cleansing Oil;https://www.sephora.com/productimages/sku/s2463099-main-zoom.jpg?pb=clean-planet-aware
26;7b531d4572818a21;USD;sephora.com;Summer Fridays;Skincare;Masks;Face Masks;"[""Fragrance Free"", ""Niacinamide"", ""Good for: Dryness"", ""Cruelty-Free"", ""Hydrating"", ""Hyaluronic Acid"", ""Vegan"", ""Clean at Sephora""]";What it is: An enhanced, fragrance-free formula that nourishes, hydrates, and calms your skin with niacinamide, glycerin, hyaluronic acid, and antioxidants. Skin Type: Normal, Dry, Combination, and Oily Skincare Concerns: Dryness, Dullness, and Uneven Texture Highlighted Ingredients: - Niacinamide: Reduces the appearance of fine lines and pores, visibly brightens, and promotes even-looking tone and texture. - Glycerin: Provides lasting hydration for soft- and supple-feeling skin. - Hyaluronic Acid: Draws hydration into skin for a firm, plump, healthy, glowing appearance. Ingredient Callouts: This product is vegan, gluten-free, cruelty-free, and comes in recyclable packaging. What Else You Need to Know: As of June 15, 2021, Jet Lag Mask is back with a fragrance-free formula featuring new skin-soothing ingredients like vitamin B5 (panthenol), chamomile (allantoin), and comfrey (bisabolol). Clean at Sephora is our commitment to offering effective products without certain ingredients, such as parabens, sulfates, phthalates, and mineral oils. Learn more here .;"[{""ingredients"": ""-Niacinamide: Reduces the appearance of fine lines and pores, visibly brightens, and promotes even-looking tone and texture. -Glycerin: Provides lasting hydration for soft- and supple-feeling skin. -Hyaluronic Acid: Draws hydration into skin for a firm, plump, healthy, glowing appearance. Water/Aqua/Eau, Caprylic/Capric Triglyceride, Diheptyl Succinate, Butyrospermum Parkii (Shea) Butter, Cetearyl Alcohol, Hydroxyethyl Acrylate/Sodium Acryloyldimethyl Taurate Copolymer, Niacinamide, Pentylene Glycol, Glycerin, Sorbitan Stearate, Glyceryl Stearate, Sodium Hyaluronate, Ceramide EOP, Ceramide NP, Ceramide AP, Aminopropyl Ascorbyl Phosphate, Allantoin, Bisabolol, Panthenol, Physalis Angulata Extract, Castanea Sativa (Chestnut) Seed Extract, Tocopheryl Acetate, Phytosphingosine, Capryloyl Glycerin/Sebacic Acid Copolymer, Ethylhexylglycerin, Tetrasodium Glutamate Diacetate, Cucumis Sativus (Cucumber) Fruit Extract, Cholesterol, Sodium Lauroyl Lactylate, Carbomer, Xanthan Gum, PEG-100 Stearate, Phenoxyethanol. The list of ingredients is subject to change, please consult the packaging of the product purchased.""}]";https://www.sephora.com/product/summer-fridays-mini-jet-lag-mask-P480630?skuId=2473379;Mini Jet Lag Mask + Moisturizer;https://www.sephora.com/productimages/sku/s2473379-main-zoom.jpg?pb=clean-at-sephora
85;8049cebeeb2044e6;USD;sephora.com;Bobbi Brown;Skincare;Treatments;Face Serums;"[""Niacinamide"", ""Plumping"", ""Hydrating"", ""Good for: Uneven Texture"", ""Hyaluronic Acid"", ""Vitamin C""]";What it is: A two-in-one smoothing serum and glow essence, enriched with niacinamide and vitamin C, that visibly boosts moisture and radiance, brightens dark spots, and preps skin for makeup. Highlighted Ingredients: - Niacinamide (Vitamin B3): Provides long-term hydration. - Vitamin C: Fights dullness and visibly brightens skin tone over time. - HydroGlow Fruit Complex and Cactus Flower: Delivers long-lasting moisture for a hydrated, healthy-looking glow. Ingredient Callouts: Free of parabens, formaldehydes, formaldehyde-releasing agents, phthalates, mineral oil, sulfates SLS & SLES, triclocarban, and triclosan. What Else You Need to Know: Infused with 10 potent skin-caring ingredients, this multitasking formula gives skin an overnight moisture boost and a fresh, hydrated glow while helping smooth and even skin texture. When used with Vitamin Enriched Face Base, it helps plump skin and smooth makeup application. Clinical Results: 100% had a boost in moisture overnight *Clinical testing on 21 women. 4 Weeks to smoother, brighter, more even-toned skin *Clinical testing on 51 women, after using product for 4 weeks. 91% showed an improvement in the look of acne marks at 8 weeks *Clinical testing on 51 women, after using product for 8 weeks. 92% say skin looks more radiant *Clinical testing on 51 women, after using product for 4 weeks. 91% agree makeup goes on smoothly with these products *Consumer testing on 160 women after using Vitamin Enriched Smoothing Serum twice per day for 4 weeks and then a regimen of Vitamin Enriched Smoothing Serum followed by Vitamin Enriched Face Base twice per day for 1 week. 89% naturally derived ingredients *Based on ISO 16128 Standard, from plant, non-petroleum mineral, and/or water sources.;"[{""ingredients"": ""-Niacinamide (Vitamin B3): Provides long-term hydration. -Vitamin C: Fights dullness and visibly brightens skin tone over time. -HydroGlow Fruit Complex and Cactus Flower: Delivers long-lasting moisture for a hydrated, healthy-looking glow. Water/Aqua/Eau, Olea Europaea (Olive) Fruit Oil, Butylene Glycol, Methyl Gluceth-20, Butyrospermum Parkii (Shea) Butter, Bis-PEG-18 Methyl Ether Dimethyl Silane, Ascorbyl Glucoside, Potassium Cetyl Phosphate, Tocopheryl Acetate, Niacinamide, Pyrus Malus (Apple) Fruit Extract, Lens Esculenta (Lentil) Fruit Extract, Citrullus Lanatus (Watermelon) Fruit Extract, Passiflora Edulis Seed Oil, Glycereth-26, Acetyl Glucosamine, Lactobacillus Ferment, Glycerin, Hydrogenated Palm Glycerides, Hydrogenated Polydecene, Sigesbeckia Orientalis (St. Paul'S Wort) Extract, Caprylyl Glycol, Caffeine, Cholesterol, Ethylhexylglycerin, Sodium Hyaluronate, Whey Protein/Lactis Protein/Prot\u00e9ine Du Petit-Lait, Citrus Grandis (Grapefruit) Peel Oil, Pelargonium Graveolens (Geranium) Flower Oil, Glycyrrhiza Glabra (Licorice) Root Extract, Sodium Lactate, Zea Mays (Corn) Oil, Sodium PCA, Laminaria Digitata Extract, Beta-Carotene, Serine, Glutamic Acid, Cereus Grandiflorus (Cactus) Flower Extract, Acetyl Hexapeptide-8, Aspartic Acid, Leucine, Alanine, Lysine, Arginine, Tyrosine, Phenylalanine, Threonine, Valine, Proline, Isoleucine, Histidine, Magnesium Ascorbyl Phosphate, Polyacrylate Crosspolymer-6, Polysorbate 20, PEG-8, Sodium Hydroxide, PPG-5-Ceteth-20, Jojoba Wax PEG-120 Esters, Acrylates/C10-30 Alkyl Acrylate Crosspolymer, Citric Acid, Panthenol, Sodium Benzoate, Glycine, Limonene, Citronellol, Geraniol, Linalool, Citral, Sodium Citrate, Disodium EDTA, BHT, Ethylbisiminomethylguaiacol Manganese Chloride, Potassium Sorbate, Phenoxyethanol.""}]";https://www.sephora.com/product/bobbi-brown-vitamin-enriched-smoothing-serum-P509437?skuId=2737237;Vitamin Enriched Smoothing Serum with Niacinamide ;https://www.sephora.com/productimages/sku/s2737237-main-zoom.jpg
26;8647759f7758811d;USD;sephora.com;fresh;Skincare;Lip Balms & Treatments;;"[""Without Sulfates SLS & SLES"", ""Without Parabens"", ""Hydrating"", ""Clean at Sephora"", ""Without Phthalates""]";What it is: A 24hr hydrating lip balm powered by sugar from beet root and sugar cane that offers sheer, buildable color with a smooth, buttery texture.. Skin Type: Normal, Dry, Combination, and Oily Skincare Concerns: Dryness Formulation: Balm Highlighted Ingredients: - Sugar: Scientifically shown to have a long-lasting hydrating effect. - Cranberry Seed Oil: Smooths. - Grapeseed Oil: Softens. What Else You Need to Know: The #1 Lip Treatment Brand in the US*, Fresh now offers a new & improved Sugar lip balm with 24hr hydration and sheer-to-buildable color that complements different skin tones for soft, smooth lips. Infused with sugar and plant-based fruit oils, this clear or tinted lip balm leaves lips feeling and looking healthy. Clinical Results: *Source: The NPD Group/U.S. Prestige Beauty Total Department/Specialty, Skincare Dollar Sales, Jan-May 2022 -24hr proven hydration even as color wears** -95% agreed it moisturized, softened & protected against dryness*** -97% agreed lips looked and felt smoother*** **instrumental test, 11 subjects ***self-assessment, 62 subjects, 4 weeks Clean at Sephora is our commitment to offering effective products without certain ingredients, such as parabens, sulfates, phthalates, and mineral oils. Learn more here .;"[{""ingredients"": ""-Sugar: Scientifically shown to have a long-lasting hydrating effect. -Cranberry Seed Oil: Smooths. -Grapeseed Oil: Softens. Ricinus Communis (Castor) Seed Oil, Simmondsia Chinensis (Jojoba) Seed Oil, Cera Alba (Beeswax), Vitis Vinifera (Grape) Seed Oil, Helianthus Annuus (Sunflower) Seed Wax, Hydroxystearic Acid, Parfum (Fragrance), Oryza Sativa (Rice) Bran Wax, Persea Gratissima (Avocado) Oil, Limnanthes Alba (Meadowfoam) Seed Oil, Sucrose Tetrastearate Triacetate, Vaccinium Macrocarpon (Cranberry) Seed Oil, Citrus Limon (Lemon) Peel Oil, Helianthus Annuus (Sunflower) Seed Oil, Ribes Nigrum (Black Currant) Seed Oil, Rosmarinus Officinalis (Rosemary) Leaf Extract, Tocopherol, Ascorbyl Palmitate, Ascorbyl Tetraisopalmitate , Synthetic Fluorphlogopite, Ammonium Glycyrrhizate, Ethyl Vanillin, Pentaerythrityl Tetra-Di-T-Butyl Hydroxyhydrocinnamate, Limonene, Citral, Linalool, Benzyl Alcohol, Geraniol. The list of ingredients is subject to change, please consult the packaging of the product purchased.""}]";https://www.sephora.com/product/sugar-lip-balm-hydrating-treatment-P500777?skuId=2594489;Sugar Lip Balm Hydrating Treatment;https://www.sephora.com/productimages/sku/s2594489-main-zoom.jpg?pb=clean-at-sephora
29;866a1efcfa0561ba;USD;sephora.com;fresh;Skincare;Lip Balms & Treatments;;"[""Hyaluronic Acid"", ""Clean at Sephora"", ""Hydrating"", ""Without Sulfates SLS & SLES"", ""Without Parabens"", ""Good for: Dryness""]";What it is: A leave-on mask clinically demonstrated to repair the look of extra-dry lips overnight, locking in hydration for a smooth, plump appearance. Skincare Concerns: Dryness Skin Types Best For: Combination, Oily, Dry, Normal Formulation: Cream Highlighted Ingredients: - Sugar: A natural humectant known to prevent moisture loss. - Berry Wax: Conditions and protects the lip moisture barrier. - Hyaluronic Filling Spheres: Attract and hold moisture. What Else You Need to Know: This dermatologist-tested mask soothes and smooths dry patches while you sleep (or whenever you need extra care), helping your lips visibly bounce back from daily damage. Infused with berry wax, shea butter, and hyaluronic acid, it blankets lips with intense nourishment for a full, healthy look. Clinical Results: In a clinical assessment on 30 subjects for 4 weeks: - It improved the look of dry lips overnight In a clinical assessment of 20 subjects, immediately after application: - It smoothed lips by +65% - It plumped the look of lips by +41% CLEAN at Sephora is our commitment to offering formulas that go beyond regulatory standards to avoid controversial ingredients without sacrificing on effectiveness.;"[{""ingredients"": ""-Sugar: A natural humectant known to prevent moisture loss. -Berry Wax: Conditions and protects the lip moisture barrier. -Hyaluronic Filling Spheres: Attract and hold moisture. Isononyl Isononanoate, Polybutene, C10-30 Cholesterol/Lanosterol Esters, Bis-Diglyceryl Polyacyladipate-2, Diisostearyl Malate, Polyethylene, Isostearyl Isostearate, Hydrogenated Polyisobutene, Vitis Vinifera (Grape) Seed Oil, Rhus Verniciflua Peel Wax, Ethylene/Propylene/Styrene Copolymer, Vinyl Dimethicone/Methicone Silsesquioxane Crosspolymer, Butyrospermum Parkii (Shea) Butter, Butyrospermum Parkii (Shea) Butter Unsaponifiables, Sucrose Tetrastearate Triacetate, Ribes Nigrum (Black Currant) Seed Oil, Tocopherol, Ascorbyl Palmitate, Parfum (Fragrance), Butylene/Ethylene/Styrene Copolymer, Ammonium Glycyrrhizate, Ethylhexyl Palmitate, Vanillin, Pentaerythrityl Tetra-Di-t-Butyl Hydroxyhydrocinnamate, Trihydroxystearin, Sodium Hyaluronate, Limonene, Citral, Benzyl Alcohol, Linalool The list of ingredients is subject to change, please consult the packaging of the product purchased.""}]";https://www.sephora.com/product/fresh-sugar-recovery-lip-mask-advanced-therapy-P474832?skuId=2476349;Sugar Recovery Lip Mask Advanced Therapy;https://www.sephora.com/productimages/sku/s2476349-main-zoom.jpg?pb=clean-at-sephora
22,4;86d08a3780e0157a;usd;maccosmetics.com;MAC Cosmetics - Official Site;Skincare;serums + treatments;Prep + Prime Essential Oils Grapefruit & Chamomile;;"Hydrating, Improves Radiance, Clarifying
      





          Infused with natural properties derived from plants, making it nourishing and gentle for the skin. Leaves skin feeling energized and moisturized with a healthy glow. This unique oil can be used alone, under makeup or mixed with a treatment or makeup to improve comfort, emollience or wear of product. Grapefruit & Chamomile scent.
        




Read More


Read Less";"Ingredients: Caprylic/Capric Triglyceride, Persea Gratissima (Avocado) Oil, Triticum Vulgare (Wheat) Germ Oil, Tocopherol, Anthemis Nobilis Flower Oil, Citrus Aurantifolia (Lime) Oil, Glycine Soja (Soybean) Oil, Helianthus Annuus (Sunflower) Seed Oil, Citrus Grandis (Grapefruit) Oil, Limonene, Citral, Linalool, Geraniol 





            ILN35985
          



            PLEASE BE AWARE THAT INGREDIENT LISTS MAY CHANGE OR VARY FROM TIME TO TIME. PLEASE REFER TO THE INGREDIENT LIST ON THE PRODUCT PACKAGE YOU RECEIVE FOR THE MOST UP TO DATE LIST OF INGREDIENTS.";https://www.maccosmetics.com/product/31843/46045/products/skincare/serums-treatments/prep-prime-essential-oils-grapefruit-chamomile;Prep + Prime Essential Oils Grapefruit & Chamomile;https://sdcdn.io/mac/us/mac_sku_S4HM01_1x1_0.png?width=1440&height=1440
18;86df0ee7949800ea;USD;sephora.com;Biossance;Skincare;Lip Balms & Treatments;;"[""Good for: Dryness"", ""Hyaluronic Acid"", ""Cruelty-Free"", ""Peptide"", ""Clean + Planet Aware""]";What it is: A lip balm with a trifecta of super hydrating ingredients that deliver intense 24-hour moisture for visibly plumper, healthier, collagen-rich lips. Skin Type: Normal, Dry, Combination, and Oily Skincare Concerns: Dryness Formulation: Balm Highlighted Ingredients: - Pro-Peptide™: Triple strength peptide for visibly fuller, smoother, healthier lips. - Micro-Encapsulated Hyaluronic Acid: High-weight hyaluronic acid delivers intense, long-lasting hydration. - Sugarcane-Derived Squalane: Locks in hydration and supports lips’ moisture barrier. Ingredient Callouts: This product is vegan and cruelty-free. What Else You Need to Know: Treat lips to a nourishing peptide with three times the power. High-weight hyaluronic acid rapidly and intensely hydrates, while squalane nourishes and protects lips’ moisture barrier. Experience the powerful results of a perfecting lip treatment with the glossy shine and silky-smooth texture of a luxe, daily balm. Clinical Results: Based on a consumer study of 40 partic, ages 18-50: - 100% noticed long-lasting hydration after 24 hours - 100% agree dry, parched lips feel rescued immediately after use - 100% agree lips appear instantly more voluminous Products formulated without certain ingredients, including parabens, sulfates, phthalates, and mineral oils, from brands that have met our specific criteria for ingredient sourcing and formulation, packaging, environmental commitments, and consumer transparency. Learn more here .;"[{""ingredients"": ""-Pro-Peptide\u2122: Triple strength peptide for visibly fuller, smoother, healthier lips. -Micro-Encapsulated Hyaluronic Acid: High-weight hyaluronic acid delivers intense, long-lasting hydration. -Sugarcane-Derived Squalane: Locks in hydration and supports lips\u2019 moisture barrier. Bis-Diglyceryl Polyacyladipate-2, Ricinus Communis (Castor) Seed Oil, Dimer Dilinoleyl Dimer Dilinoleate, Isostearyl Isostearate, Diisostearyl Malate, Sorbitan Olivate, Hydrogenated Castor Oil, Squalane, Jojoba Esters, Glyceryl Caprate, Ethylhexyl Palmitate, Butyrospermum Parkii (Shea) Butter, Helianthus Annuus (Sunflower) Seed Wax, Tocopheryl Acetate, Tribehenin, Glycerin, Water/Aqua/Eau, Ethyl Vanillin, Glyceryl Undecylenate, Glyceryl Linoleate, Sucrose Palmitate, Sorbitan Isostearate, Tocopherol, Helianthus Annuus (Sunflower) Seed Oil, Palmitoyl Tripeptide-1, Sodium Hyaluronate. The list of ingredients is subject to change. Please consult the packaging of the product purchased.""}]";https://www.sephora.com/product/biossance-pro-peptide-tm-hydrating-lip-perfector-balm-with-hyaluronic-acid-P513592?skuId=2797942;"Pro-Peptide&#8482; Hydrating Lip Perfector Balm with Hyaluronic Acid";https://www.sephora.com/productimages/sku/s2797942-main-zoom.jpg?pb=clean-planet-aware
25;8824bf91304f72c7;USD;sephora.com;Dr. Jart+;Skincare;Lip Balms & Treatments;;"[""Gluten Free"", ""Hyaluronic Acid"", ""Fragrance Free"", ""Without Silicones"", ""Good for: Uneven Texture"", ""Good for: Dryness""]";What it is: A leave-on lip mask for day or night with hyaluronic acid that delivers intense hydration, rapidly plumps the look of lips, smooths visible dry lines, and boosts shine. Skin Type: Normal and Dry Skincare Concerns: Dryness, Dullness, and Uneven Texture Formulation: Mask Highlighted Ingredients: - Hyaluronic Acid: Delivers intense hydration to relieve the feeling of dry lips. Ingredient Callouts: Free of parabens, formaldehydes, formaldehyde-releasing agents, phthalates, mineral oil, sulfates SLS & SLES, triclocarban, triclosan, and contains less than one percent synthetic fragrance. What Else You Need to Know: The jelly texture lip formula goes on clear and comes in an irresistible jelly bear jar. It rapidly plumps lips up and reduces visible fine dry lines for healthier-looking lips. Use it as a lip mask or as a primer for a hydrating base before lip stick or lip gloss. It’s also dermatologist tested. Clinical Results: Clinical results after 1 use: - Delivers non-stop, all-night hydration - Insttly plumps the look of lips - Instantly reduces visible dry lines for smoother lips;"[{""ingredients"": ""-Hyaluronic Acid: Delivers intense hydration to relieve the feeling of dry lips. Polyglyceryl-2 Triisostearate, Polyglyceryl-2 Isostearate/Dimer, Dilinoleate Copolymer, Bis-Diglyceryl Polyacyladipate2,Phytosteryl/Isostearyl/Cetyl/Stearyl/Behenyl Dimer Dilinoleate, Diisostearyl Malate, Polyethylene, Limnanthes Alba (Meadowfoam) Seed Oil, Glyceryl Behenate, Hydrolyzed Sodium Hyaluronate, Ethylhexyl Palmitate, Polyglyceryl-3 Polyricinoleate, Polyhydroxystearic Acid, Lecithin, Isopropyl Myristate, Isostearic Acid, Tocopheryl Acetate, Dehydroacetic Acid, Titanium Dioxide (Ci 77891), Yellow 5 Lake (Ci 19140), Red 7 (Ci 15850). *Hyaluronic Acid Hydrolyzed Sodium Hyaluronate (Salt Form of Hydrolyzed Hyaluronic Acid).""}]";https://www.sephora.com/product/dr-jart-dr-jart-x-enhypen-jelly-bear-lip-mask-with-bonus-id-photo-set-P513294?skuId=2810299;Vital Hydra Solution™ Jelly Bear Lip Mask with Hyaluronic Ac;https://www.sephora.com/productimages/sku/s2810299-main-zoom.jpg
8;8b32ff244f37767f;USD;sephora.com;SEPHORA COLLECTION;Skincare;Lip Balms & Treatments;;"[""Hydrating"", ""Clean at Sephora"", ""Best for Dry Skin"", ""Cream Formula"", ""Good for: Dryness""]";What it is: A collection of vegan lip butters that are made with 95 percent natural ingredients that melt into lips to nourish and provide hydration for up to twelve hours. Skin Type: Normal and Dry Skincare Concerns: Dryness Ingredient Callouts: Free of parabens, formaldehydes, formaldehyde-releasing agents, phthalates, mineral oil, retinyl palmitate, oxybenzone, coal tar, hydroquinone, sulfates SLS & SLES, triclocarban, triclosan, and contains less than one percent synthetic fragrance. What Else You Need to Know: These SEPHORA COLLECTION lip formulas are made with 95 percent natural-origin ingredients that intensely moisturize lips for up to twelve hours. The vanilla, cherry, and mango lip butters melt into the lips to nourish and hydrate. These super-ingredient lip butters are dermatologically tested by independent laboratories and consumers to guarantee their safety and effectiveness. Clinical Results: In tests of the 12-hour Nourishing Lip Butter – Vanilla, results included: - +79% more hydration after0 minutes - +32% softer lips from the first application - 96% of people found their lips are soothed after one application In tests of the 12-hour Nourishing Lip Butter – Cherry, results included: - +86% more hydration after 30 minutes - +46% softer lips from the first application - 95% of people found their lips are repaired after one application In tests of the 12-hour Nourishing Lip Butter – Mango, results included: - +88% more hydration after 30 minutes - +31% softer lips from the first application - 94% of people found their lips’ sensation of dryness was soothed after one application Clean at Sephora is our commitment to offering effective products without certain ingredients, such as parabens, sulfates, phthalates, and mineral oils. Learn more ;"[{""ingredients"": ""Ricinus Communis (Castor) Seed Oil, Octyldodecanol, Oleic/Linoleic/Linolenic Polyglycerides, Tribehenin, Synthetic Wax, Prunus Amygdalus Dulcis (Sweet Almond) Oil, Prunus Armeniaca (Apricot) Kernel Oil, Caprylic/Capric Triglyceride, Parfum (Fragrance), Ethylene/Propylene Copolymer, Tocopheryl Acetate, Ammonium Glycyrrhizate, Helianthus Annuus (Sunflower) Seed Oil, Glyceryl Stearate Citrate, Tocopherol, Vanilla Planifolia Fruit Extract, Ascorbyl Tetraisopalmitate, Squalene, Beta-Sitosterol. The list of ingredients is subject to change, please consult the packaging of the product purchased.""}]";https://www.sephora.com/product/nourishing-lip-butter-P510926?skuId=2708006; Nourishing Lip Butter;https://www.sephora.com/productimages/sku/s2708006-main-zoom.jpg?pb=clean-at-sephora
24;8b4415957b05968e;USD;sephora.com;LANEIGE;Skincare;Lip Balms & Treatments;;"[""Without Parabens"", ""Community Favorite"", ""allure 2019 Best of Beauty Award Winner"", ""Good for: Dryness"", ""Vitamin C"", ""Hydrating""]";What it is: An overnight leave-on lip mask powered by Korean skincare to soften lips while delivering intense moisture and antioxidants while you sleep. Enriched with Berry Fruit Complex, Murumuru Seed, and Shea butter. Skin Type: Normal, Dry, Combination, and Oily Skincare Concerns: Fine Lines/Wrinkles, Dryness, and Dullness Highlighted Ingredients: - Berry Mix Complex: Rich in antioxidants to help reveal smooth and supple looking lips. - Coconut Oil, Shea Butter, and Murumuru Seed Butter: Help nourish & deliver lasting moisture while you sleep. - Vitamin C: Helps protect from external aggressors. Ingredient Callouts: Free of parabens and phthalates. What Else You Need to Know: This Korean lip care icon is a hydrating, intensive-care mask for lips. With nourishing Berry Fruit Complex, Murumuru Seed, and Shea butter, it delivers intense, lasting moisture and antioxidants overnight for visibly smoother, baby-soft lips in the AM. Clinical Results: Based on a 1-week clinical study on 32 women ages 25 to 35: - 8-HR Hydration - 135% increase in hydration immediately after use Based on self-assessment survey portion of a 1-week clinical study on 32 women ages 25 to 35. After constant use of product for 1-week: - 93% agree lips feel softer and look less flaky - 93% agree lips feel hydrated for a long period of time - 90% agree lips look healthier - 87% agree lips feel firmer;"[{""ingredients"": ""'DIISOSTEARYL MALATE, HYDROGENATED POLYISOBUTENE, PHYTO- STERYL/ISOSTEARYL/CETYL/STEARYL/BEHENYL DIMER DILINOLEATE, POLYBUTENE, HYDROGENATED POLY(C6-14 OLEFIN), MICROCRYSTALLINE WAX / CERA MICROCRISTALLINA / CIRE MICROCRI STALLINE, BUTYROSPERMUM PARKII (SHEA) BUTTER, SYNTHETIC WAX, ETHYLENE/PROPYLENE/STYRENE COPOLYMER, SUCROSE TETRASTEARATE TRIACETATE, MICA, EUPHORBIA CERIFERA (CANDELILLA) WAX / CANDELILLA CERA HYDROCARBONS / CIRE DE CANDELILLA, CANDELILLA WAX ESTERS, FRAGRANCE / PARFUM, ASTROCARYUM MURUMURU SEED BUTTER, TITANIUM DIO XIDE (CI 77891), POLYGLYCERYL-2 DIISOSTEARATE, GLYCERYL CAPRYLATE, POLYGLYCERYL-2 TRI ISOSTEARATE, BUTYLENE/ETHYLENE/STYRENE COPOLYMER, COPERNICIA CERIFERA (CARNAUBA) WAX / COPERNICIA CERIFERA CERA / CIRE DE CARNAUBA, METHICONE, RED 7 (CI 15850), COCOS NUCIFERA (COCONUT) OIL, PENTAERYTHRITYL TETRA-DI-T-BUTYL HYDROXYHYDROCINNAMATE, BLUE 1 LAKE (CI 42090), ASCORBIC ACID, WATER / AQUA / EAU, GLYCERIN, PROPANEDIOL, BHT, PUNICA GRANATUM FRUIT JUICE, RUBUS IDAEUS (RASPBERRY) JUICE, VITIS VINIFERA (GRAPE) JUICE""}]";https://www.sephora.com/product/lip-sleeping-mask-P420652?skuId=2371367;Lip Sleeping Mask Intense Hydration with Vitamin C;https://www.sephora.com/productimages/sku/s2371367-main-zoom.jpg
25;8d3e243e23ba8071;USD;sephora.com;Kosas;Skincare;Lip Balms & Treatments;;"[""Hydrating"", ""Clean at Sephora"", ""Hypoallergenic"", ""Plumping"", ""Vegan"", ""High Shine Finish""]";What it is: A clean, buttery formula packed with rich, concentrated fatty acids and lip-boosting actives for your smoothest, fullest, most cushiony-looking lips ever. Formulation Type: Lip Gloss, Lip Balm & Treatment, Lip Plumper Benefits: Hydrating, Plumping Highlighted Ingredients: - Concentrated Fatty Acids: Soothe, soften, and visibly repair dryness. - Plump Oleactif: Visibly strengthens and plumps. - Peptides: Visibly firm and smooth. Ingredient Callouts: This product is vegan, gluten-free, cruelty-free, and comes in recyclable packaging. What Else You Need to Know: This powerhouse formula softens and hydrates, soothing dry, flaky lips and visibly reducing the look of fine lines. It contains seven times more lip boosting actives—hyaluronic acid, peptides and plumping botanicals—for full, cushiony-looking lips without the sting. The smooth, buttery texture is never sticky or greasy. Clinical Results: Based on a consumer study of 33 women after using Plump & Juicy Lip Booster overnight: - 94% agreed liere more moisturized, smoother, softer, less flaky, less irritated, and soothed - 82% agreed lips appeared plumper CLEAN at Sephora is our commitment to offering formulas that go beyond regulatory standards to avoid controversial ingredients without sacrificing on effectiveness.;"[{""ingredients"": ""-Concentrated Fatty Acids: Soothe, soften, and visibly repair dryness. -Plump Oleactif: Visibly strengthens and plumps. -Peptides: Visibly firm and smooth. Bis-Diglyceryl Polyacyladipate-2, Ricinus Communis (Castor) Seed Oil, Butyrospermum Parkii (Shea) Butter, Polyhydroxystearic Acid, dl-alpha Tocopheryl Nicotinate, Ethylhexyl Palmitate, Simmondsia Chinensis (Jojoba) Seed Oil, Jojoba Esters, Tribehenin, Helianthus Annuus (Sunflower) Seed Wax, Punica Granatum Flower Extract; Butyrospermum Parkii (Shea Butter) Unsaponifiables, Ricinus Communis (Castor) Seed Oil, Octyldodecanol, Acacia Decurrens Flower Wax, Sodium Hyaluronate, Glucomannan, Polyglycerin-3, Sorbitan Isostearate, Trihydroxystearin, Polyglyceryl-3 Diisostearate, Foeniculum Vulgare Fruit Oil, Palmitoyl Tripeptide-1, Helianthus Annuus Seed Oil, Ethylhexylglycerin, Rosmarinus Officinalis Leaf Oil, Vanillin, Citrus Aurantium Dulcis (Orange) Peel Oil, Tocopherol, [May Contain (+/-) Titanium Dioxide CI 77891, Red 28 Lake CI 45410]. The list of ingredients is subject to change, please consult the packaging of the product purchased.""}]";https://www.sephora.com/product/plump-juicy-lip-collagen-booster-P500329?skuId=2600849;Plump + Juicy Lip Booster Buttery Treatment;https://www.sephora.com/productimages/sku/s2600849-main-zoom.jpg?pb=clean-at-sephora
28;8e0ec12b806ffee8;USD;sephora.com;Gisou;Skincare;Lip Balms & Treatments;;"[""Hyaluronic Acid"", ""Hydrating"", ""Cruelty-Free"", ""Good for: Dryness"", ""Clean at Sephora"", ""High Shine Finish""]";What it is: A lip oil powered by Mirsalehi honey and bee garden oils to intensely hydrate lips and lock in moisture with a high-shine and non-sticky finish. Formulation Type: Lip Gloss Benefits: Hydrating Highlighted Ingredients: - Mirsalehi Honey: A powerful humectant that attracts and retains moisture. - Mirsalehi Bee Garden Oils: Rich, antioxidant powerhouse oils that replenish, lock in moisture, and add shine. - Hyaluronic Acid: Delivers added hydration and smooths. Ingredient Callouts: Free of parabens, formaldehydes, formaldehyde-releasing agents, phthalates, mineral oil, retinyl palmitate, oxybenzone, coal tar, hydroquinone, sulfates SLS & SLES, triclocarban, triclosan, and contains less than one percent synthetic fragrance. It is also cruelty-free. What Else You Need to Know: Formulated with a blend of nourishing Mirsalehi honey, bee garden oils, and hyaluronic acid, this bestselling lip oil delivers long-lasting hydration and high shine to quench chapped lips with juicy a scent and touch of color. Gisou’s non-sticky formula smooths and locks in moisture throughout the day. Gisou proudly derives their cruelty-free Mirsalehi honey from their own Gisou Bee Garden in The Netherlands, where the family tradition of beekeeping has continued for six generations. Clean at Sephora is our commitment to offering effective products without certain ingredients, such as parabens, sulfates, phthalates, and mineral oils. Learn more here;"[{""ingredients"": ""-Mirsalehi Honey: A powerful humectant that attracts and retains moisture. -Mirsalehi Bee Garden Oils: Rich, antioxidant powerhouse oils that replenish, lock in moisture, and add shine. -Hyaluronic Acid: Delivers added hydration and smooths. Polyglyceryl-2 Isostearate/Dimer Dilinoleate Copolymer, Dilinoleic Acid/Propanediol Copolymer, Vitis Vinifera (Grape) Seed Oil, Carthamus Tinctorius (Safflower) Seed Oil, Honey (Mel, Miel)*, Simmondsia Chinensis (Jojoba) Seed Oil, Limnanthes Alba (Meadowfoam) Seed Oil, Calendula Officinalis Flower Extract, Oenothera Biennis (Evening Primrose) Oil, Rosa Canina Fruit Oil, Hydrogenated Castor Oil/Sebacic Acid Copolymer, Propolis Wax (Propolis Cera, Cire de Propolis)*, Helianthus Annuus (Sunflower) Seed Oil, Tocopheryl Acetate, Tocopherol, Sodium Hyaluronate, Citrus Aurantium Bergamia (Bergamot) Fruit Extract, Daucus Carota Sativa (Carrot) Root Extract, Mauritia Flexuosa Fruit Oil, Vaccinium Myrtillus Seed Oil, Glucomannan, Ethylhexyl Palmitate, Aroma (Flavor), Calcium Sodium Borosilicate, Trihydroxystearin, Tin Oxide, Citral**, Linalool**, Limonene**, Titanium Dioxide (CI 77891), Red 6 Lake (CI 15850). The list of ingredients is subject to change, please consult the packaging of the product purchased.""}]";https://www.sephora.com/product/gisou-lip-oil-P505233?skuId=2858033;Honey Infused Hydrating Lip Oil;https://www.sephora.com/productimages/sku/s2858033-main-zoom.jpg?pb=clean-at-sephora
30;9050c70718218de2;USD;sephora.com;Mango People;Skincare;Treatments;Face Serums;"[""Hydrating"", ""Clean + Planet Aware"", ""Vegan"", ""Plumping"", ""Radiant Finish"", ""Stick Formula""]";What it is: A translucent balm infused with vitamin-rich superfoods that hydrates the skin, leaving it well prepped for makeup with a dewy, glass-like finish. Skin Type: Normal, Dry, Combination Highlighted Ingredients: - Celery Extract: Rich in vitamin K, helps improve skin elasticity and adds hydration. - Gotu Kola Extract: An adaptogenic herb from Ayurveda that calms and cares for inflamed skin. - Basil Extract: Contains inflammatory-calming properties to visibly reduce redness and soothe irritation. Ingredient Callouts: Free of parabens, formaldehydes, formaldehyde-releasing agents, phthalates, mineral oil, retinyl palmitate, oxybenzone, coal tar, hydroquinone, sulfates SLS & SLES, triclocarban, triclosan, and contains less than one percent synthetic fragrance. It is also vegan, gluten-free, cruelty-free, and comes in recyclable packaging. What Else You Need to Know: A lightweight balm that visibly plumps and hydrates the skin, leaving it radiant and well prepped for makeup. The balm is formulated with adaptogens from Ayurveda that calm and protect the skin against external stressors and pollutants. Products formulated without certain ingredients, including parabens, sulfates, phthalates, and mineral oils, from brands that have met our specific criteria for ingredient sourcing and formulation, packaging, environmental commitments, and consumer transparency. Learn more here .;"[{""ingredients"": ""-Celery Extract: Rich in vitamin K, helps improve skin elasticity, and adds hydration. -Gotu Kola Extract: An adaptogenic herb from Ayurveda that calms and cares for inflamed skin. -Basil Extract: Contains inflammatory-calming properties to visibly reduce redness and soothe irritation. Alkane, Oryza Sativa (Rice) Bran Wax, Squalane, Mangifera Indica (Mango) Seed Butter, Tribehenin, Polyhydroxystearic Acid, Cellulose, Helianthus Annuus (Sunflower) Seed Oil, Polycitronellol, Astrocaryum Murumuru Seed Butter, Caprylic/Capric Triglyceride, Chlamydomonas Reinhardtii Extract, Punica Granatum (Pomegranate) Sterols, Actinidia Chinensis (Kiwi) Seed Oil, Brassica Oleracea Italica (Broccoli) Seed Oil, Pyrus Malus (Apple) Seed Oil, Persea Gratissima (Avocado) Oil, Apium Graveolens (Celery) Seed Extract, Sorbitan Trioleate, Cucumis Sativus (Cucumber) Fruit Extract, Linum Usitatissimum (Linseed) Seed Extract, Withania Somnifera (Ashwagandha) Root Extract, Centella Asiatica (Gotu Kola) Extract, Melia Azadirachta (Neem) Leaf Extract, Melia Azadirachta (Neem) Flower Extract, Behenyl Alcohol, Hydrogenated Vegetable Oil, Glyceryl Behenate, Oryza Sativa (Rice) Bran Extract, Rosmarinus Officinalis (Rosemary) Extract, Lecithin, Tocopherol, Helianthus Annuus (Sunflower) Seed Extract, Corallina Officinalis Extract, Coccinia Indica (Ivy Gourd) Fruit Extract, Amber Powder, Solanum Melongena (Eggplant) Fruit Extract, Ocimum Sanctum (Basil) Leaf Extract, Curcuma Longa (Turmeric) Leaf Extract, Moringa Oleifera Seed Oil, Fragrance. The list of ingredients is subject to change, please consult the packaging of the product purchased.""}]";https://www.sephora.com/product/mango-people-juicy-glow-prep-hydrate-balm-stick-P509434?skuId=2723294;Juicy Glow Prep & Hydrate Balm Stick with Centella Asiatica;https://www.sephora.com/productimages/sku/s2723294-main-zoom.jpg?pb=clean-planet-aware
18;926d37400fdcdc04;USD;sephora.com;Benefit Cosmetics;Skincare;Cleansers;Face Wash & Cleansers;"[""Good for: Pores"", ""Good for: Uneven Texture""]";What it is: A lightweight, silky-smooth cleansing oil that melts away dirt, oil, and makeup while visibly unclogging and unblocking pores. Skin Type: Normal, Dry, Combination, and Oily Skincare Concerns: Pores Formulation: Liquid Highlighted Ingredients: - Grapeseed, Jojoba Seed, Avocado, and Plum Kernel Oils: Supply essential fatty acids (like omega-9) and nourish and condition skin. - Ceramide NP: Maintains moisture balance. - Bisabolol: Helps skin feel comfortable. Ingredient Callouts: Free of parabens, formaldehydes, formaldehyde-releasing agents, phthalates, retinyl palmitate, oxybenzone, coal tar, hydroquinone, sulfates SLS & SLES, triclocarban, triclosan, and contains less than one percent synthetic fragrance. It also comes in recyclable packaging. What Else You Need to Know: Dermatologist tested and suitable for all skin types, this makeup-removing cleansing oil loosens and melts away makeup, unclogs pores, and leaves skin feeling nourished and conditioned. It also leaves pores looking clear and skin looking less congested over time. Clinical Results: In a self-evaluation of 107 participants: After 1 use: - 93% said it visibly melted away dirt, oil, and makeup - 93% said it visibly dissolved pore-clogging oil and grime - 94% said skin felt nourished After 1 month: - 93% said pores looked clear - 92% said skin looked less congested - 96% said skin looked healthy;"[{""ingredients"": ""-Grapeseed, Jojoba Seed, Avocado, and Plum Kernel Oils: Supply essential fatty acids (like omega-9) and nourish and condition skin. -Ceramide NP: Maintains moisture balance. -Bisabolol: Helps skin feel comfortable. Caprylic/Capric Triglyceride, Simmondsia Chinensis (Jojoba) Seed Oil, PEG-40 Sorbitan Peroleate, Persea Gratissima (Avocado) Oil, Vitis Vinifera (Grape) Seed Oil, 1,2-Hexanediol, Caprylyl Glycol, Parfum (Fragrance), Bisabolol, Prunus Domestica Seed Oil, Triethyl Citrate, Tocopherol, Ceramide NP, Tocopheryl Acetate, Pentaerythrityl Tetra-Di-T-Butyl Hydroxyhydrocinnamate.""}]";https://www.sephora.com/product/benefit-cosmetics-the-porefessional-get-unblocked-makeup-removing-cleansing-oil-P505024?skuId=2641694;The POREfessional Get Unblocked Makeup-Removing Cleansing Oil;https://www.sephora.com/productimages/sku/s2641694-main-zoom.jpg
40;92919397acc8611f;USD;sephora.com;Supergoop!;Skincare;Sunscreen;Face Sunscreen;"[""Best for Oily, Combo, Normal Skin"", ""Fragrance Free"", ""Clean at Sephora"", ""Good for: Acne/Blemishes"", ""Vegan"", ""SPF""]";What it is: A sheer, weightless, scentless mineral sunscreen with expert SPF protection and a cloud-like formula recommended for sensitive skin that seamlessly blends with a natural finish. Skin Type: Normal, Dry, Combination, and Oily Skincare Concerns: Fine Lines and Wrinkles, Acne and Blemishes Formulation: Liquid Highlighted Ingredients: - Broad Spectrum Mineral SPF 40: Protects against UVA and UVB rays, includes 17.68% zinc oxide. - Bamboo Extract: Known for its excellent antioxidant properties. Ingredient Callouts: Free of parabens, formaldehydes, formaldehyde-releasing agents, phthalates, mineral oil, retinyl palmitate, oxybenzone, coal tar, hydroquinone, sulfates SLS & SLES, triclocarban, triclosan, and contains less than one percent synthetic fragrance. It is also gluten-free and cruelty-free. What Else You Need to Know: Mineral Unseen glides smoothly onto skin and softly blends in sheer for a dream-like feel with expert SPF protection to protect against UV rays. This mineral sunscreen formula is recommended for all skin types, including sensitive. Plus, it doubles as a makeup-gripping primer with a natural finish. Clean at Sephora is our commitment to offering effective products without certain ingredients, such as parabens, sulfates, phthalates, and mineral oils. Learn more here .;"[{""ingredients"": ""-Broad Spectrum Mineral SPF 40: Protects against UVA and UVB rays, includes 17.68% zinc oxide. -Bamboo Extract: Known for its excellent antioxidant properties. 17.68% Zinc Oxide, 1.33% Titanium Dioxide, Dimethicone, Dimethicone Crosspollymer, Caprylic/Capric Triglyceride, Methyl Dihydroabietate, Polyhydroxystearic Acid, C9-12 Alkane, Glycerin, Ethylhexylglycerin, Water (Aqua), Coco-Caprylate/Caprate, Silica, Stearic Acid, Hedychium Coronarium Root Extract, Propanediol, Schizandra Chinensis Fruit Extract, Tocopherol. The list of ingredients is subject to change, please consult the packaging of the product purchased.""}]";https://www.sephora.com/product/supergoop-mineral-unseen-sunscreen-spf-40-P510927?skuId=2773299;Mineral Unseen Sunscreen SPF 40;https://www.sephora.com/productimages/sku/s2773299-main-zoom.jpg?pb=clean-at-sephora
24;92f927999f80a211;USD;sephora.com;Isle of Paradise;Skincare;Treatments;Face Serums;"[""Cruelty-Free"", ""Clean at Sephora"", ""Good for: Uneven Texture"", ""Liquid Formula"", ""Hydrating"", ""Radiant Finish""]";What it is: A liquid bronzing serum that instantly illuminates to deliver a bronzed, glowing complexion. Skin Type: Normal, Dry, Combination, and Oily Highlighted Ingredients: - Niacinamide: Visibly improves tone and texture. - Squalane: Hydrates and protects against trans-epidermal water loss. Ingredient Callouts: It is cruelty-free. What Else You Need to Know: This instant, buildable bronzing serum works like skincare and looks like makeup. Formulated with brightening niacinamide and hydrating squalane, Sunny Serum provides bronzed skin instantly and washes off at the end of the day for a no-commitment glow. Clean at Sephora is our commitment to offering effective products without certain ingredients, such as parabens, sulfates, phthalates, and mineral oils. Learn more here .;"[{""ingredients"": ""-Niacinamide: Shown to visibly improve tone and texture. -Squalane: Hydrates and protects against transepidermal water loss. -Jojoba Oil: Helps reduce redness and soothe skin. Water, Hydrogenated Polyisobutene, Glycerin, Niacinamide, Pentylene Glycol, Synthetic Fluorphlogopite, 1,2-Hexanediol, Squalane, Cetearyl Olivate, Polyacrylate-13, Sorbitan Olivate, Hydroxyethyl Acrylate/Sodium Acryloyldimethyl Taurate Copolymer, Tocopherol, Helianthus Annuus (Sunflower) Seed Oil, Simmondsia Chinensis (Jojoba) Seed Oil, , Ethylhexylglycerin, Polyglyceryl-10 Laurate, Sorbitan Isostearate, Ethylhexyl Palmitate, Trisodium Ethylenediamine Disuccinate, Titanium Dioxide (CI 77891), Mica (CI 77019), Iron Oxides (CI 77491), Iron Oxides (CI 77499). The list of ingredients is subject to change, please consult the packaging of the product purchased.""}]";https://www.sephora.com/product/isle-paradise-sunny-serum-instant-face-bronzer-P510731?skuId=2871895;Sunny Serum Instant Face Bronzer;https://www.sephora.com/productimages/sku/s2871895-main-zoom.jpg?pb=clean-at-sephora
38;9541e62597a758e8;USD;sephora.com;MERIT;Skincare;Moisturizers;Face Creams;"[""Best for Dry, Combo, Normal Skin"", ""Vegan"", ""Hyaluronic Acid"", ""Clean at Sephora"", ""Hydrating"", ""Good for: Loss of firmness""]";What it is: A lightweight cream that provides time-release hydration and helps skin feel firmer and more elastic, all while soothing and prepping skin for makeup. Skin Type: Normal, Dry, Combination, and Oily Skincare Concerns: Fine Lines and Wrinkles, Dryness, and Redness Formulation: Lightweight Cream Highlighted Ingredients: - Great Skin Complex: Has peptides, spermidine, and barrier polysaccharides to support the appearance of skin elasticity, firmness, and tone. - Oat Extract and Glycerin: Soothe and moisturize skin. - Hyaluronic Acid: For intense hydration. Ingredient Callouts: This product is vegan and cruelty-free. What Else You Need to Know: This lightweight cream does it all. Perfect for daytime use, it contains glycerin and hyaluronic acid for all-day hydration, oat extract to soothe skin, and Great Skin™ Complex to help skin feel firmer and more elastic in as soon as one week. The noncomedogenic, sensitive-skin-friendly formula also absorbs quickly into the skin with zero residue, so makeup goesn smooth and wears better throughout the day. Clinical Results: In a consumer-perception study on 51 volunteers (ages 22 to 63) using immediately after application: - 100% said it helped skin feel moisturized - 96% said it helped skin feel smooth and hydrated - 90% said it helped skin feel soothed After 1 week of use: - 100% said it helped skin feel smooth and hydrated - 98% said it helped skin feel soothed - 80% said it helped skin feel firm Clean at Sephora is our commitment to offering effective products without certain ingredients, such as parabens, sulfates, phthalates, and mineral oils. Learn more here .;"[{""ingredients"": ""-Great Skin \u2122 Complex: Contains peptides, spermidine, and barrier polysaccharides to support skin\u2019s elasticity, firmness, and tone. -Oat Extract and Glycerin: Soothe and moisturize skin. -Hyaluronic Acid: Provides penetrating hydration. Water (Aqua/Eau), Coco-Caprylate/Caprate, Dicaprylyl Carbonate, Simmondsia Chinensis (Jojoba) Butter, Squalane, Propanediol, C12-16 Alcohols, Stearic Acid, Glycerin, Glyceryl Stearate Citrate, Haematococcus Pluvialis Extract, Hydrolyzed Haematococcus Pluvialis Extract, Avena Sativa (Oat) Kernel Extract, Sodium Acetylated Hyaluronate, Sclerotium Gum, Palmitic Acid, Polyacrylate-13, Hydrogenated Lecithin, 1,2-Hexanediol, Caprylyl Glycol, Hydroxyacetophenone, Hydrogenated Polyisobutene, Lysolecithin, Polyglyceryl-10 Laurate, Pullulan, Xanthan Gum, Arginine, Ethylhexyl Palmitate, Sorbitan Isostearate, Silica, Tocopherol, Caramel. The list of ingredients is subject to change. Please consult the packaging of the product purchased.""}]";https://www.sephora.com/product/great-skin-priming-and-firming-moisturizer-with-peptides-and-hyaluronic-acid-P513383?skuId=2791911;Great Skin Priming And Firming Moisturizer With Peptides And Hyaluronic Acid;https://www.sephora.com/productimages/sku/s2791911-main-zoom.jpg?pb=clean-at-sephora
38;9633e944e6951b1a;USD;sephora.com;Saie;Skincare;Sunscreen;Face Sunscreen;"[""Hydrating"", ""Clean + Planet Aware"", ""Reef Safe SPF"", ""Zinc SPF"", ""Cruelty-Free"", ""Vitamin C""]";What it is: A radiant face sunscreen with 100% Mineral Non Nano Zinc Oxide SPF 35, active levels of encapsulated vitamin C, and sheer golden pearl. Skin Type: Normal, Dry, and Combination Skincare Concerns: Dryness and Dullness Highlighted Ingredients: - Encapsulated Vitamin C: Protects skin against free radicals, boosts collagen, and brightens skin. - Hyaluronic Acid: Plumps and moisturizes for lasting hydration. - 100% Mineral Zinc Oxide: Offers clean SPF 35 protection and shields against UVA and UVB rays. Ingredient Callouts: This product is cruelty-free, reef-safe, and comes in recyclable packaging. What Else You Need to Know: 100% mineral broad-spectrum SPF 35 moisturizer is sheer and absorbs easily with clean, non-nano zinc oxide. Active levels of encapsulated Vitamin C help to brighten the appearance of skin and protect against free radicals, while Hyaluronic Acid, Vitamin E and Aloe Vera hydrate and nourish. Products formulated without certain ingredients, including parabens, sulfates, phthalates, and mineral oils, from brands that have met our specific criteria for ingredient sourcing and formulation, packaging, environmental commitments, and consumer transparency. Learn more here .;"[{""ingredients"": ""- Encapsulated Vitamin C: Protects skin against free radicals, boosts collagen, and brightens skin. - Hyaluronic Acid: Plumps and moisturizes for lasting hydration. - 100% Mineral Zinc Oxide: Offers clean SPF 35 protection and shields against UVA and UVB rays. \""Active Ingredient: Zinc Oxide (15%) Ingredients: Water, Coco-Caprylate/Caprate, Helianthus Annuus (Sunflower) Seed Oil, C15-19 Alkane, Isocetyl Stearoyl Stearate, Undecane, Argania Spinosa Kernel Oil, Jojoba Esters, Tocopheryl Acetate, Tribehenin, Tridecane, Glyceryl Stearate, Leuconostoc/Radish Root Ferment Filtrate, Mica, Titanium Dioxide (CI77891), Glycerin, Lactobacillus, Aloe Barbadensis Leaf, Acacia Senegal Gum, Xanthan Gum, Viola Tricolor Extract, Bisabolol, Glycyrrhiza Glabra (Licorice) Root Extract, Hyaluronic Acid, Glycosphingolipids, GlycolipidsCocos Nucifera (Coconut) Fruit Extract, Symphytum Officinale Leaf Extract, 3-O-Ethyl Ascorbic Acid, Iron Oxide (CI77492), Iron Oxide (CI77491), Iron Oxide (CI77499), Tin Oxide\"" The list of ingredients is subject to change, please consult the packaging of the product purchased.""}]";https://www.sephora.com/product/saie-sunvisor-moisturizing-sunscreen-spf-35-P468211?skuId=2414183;Sunvisor Radiant Moisturizing Face Sunscreen SPF 35;https://www.sephora.com/productimages/sku/s2414183-main-zoom.jpg?pb=clean-planet-aware
8;993e6f04f41661e0;USD;sephora.com;Mario Badescu;Skincare;Lip Balms & Treatments;;[];What it is: A decadent balm that nourishes dry lips with a blend of nutrient-dense butters, moisturizing oils, and soothing botanicals. Skin Type: Normal, Dry, Combination, and Oily Skincare Concerns: Dryness Formulation: Rich Cream Highlighted Ingredients: - Avocado, Raspberry, and Sweet Almond Oils: Nutrient rich and conditioning. - Cocoa Butter: Moisturizes. - Vitamin E: Softens skin and provides antioxidant benefits. Ingredient Callouts: Free of sulfates SLS and SLES, parabens, formaldehydes, formaldehyde-releasing agents, phthalates, mineral oil, retinyl palmitate, oxybenzone, coal tar, hydroquinone, triclosan, and triclocarban, and contains less than one percent of synthetic fragrances. This product is also cruelty-free, gluten-free, and comes in recyclable packaging. What Else You Need to Know: Formulated with cocoa butter, coconut oil, sweet almond oil, raspberry seed oil, avocado oil, and antioxidant vitamin E, this ultra-rich balm melts into the skin to visibly replenish and renewlips are left sofer and smoother. Scent descriptions: Original (lightly coconutty), Rose (sweetly floral), and Mint (tingly fresh).;"[{""ingredients"": ""Hydrogenated Polydecene, Cocoglycerides, Dimethicone, Brassica Glycerides, Persea Gratissima (Avocado) Oil, Glyceryl Behenate, Microcrystalline Cellulose, Polyhydroxystearic Acid, Ethylene/Propylene/Styrene Copolymer, Jojoba Esters, Helianthus Annuus (Sunflower) Seed Wax, Theobroma Cacao (Cocoa) Seed Butter, Prunus Amygdalus Dulcis (Sweet Almond) Oil, Silica Silylate, Silica, Cera Alba (Beeswax, Cire d'abeille), Chamomilla Recutita (Matricaria) Flower Extract, Raspberry Seed Oil /Tocopheryl Succinate Aminopropanediol Esters, Dimethicone Crosspolymer, Dimethicone/Vinyl Dimethicone Crosspolymer, Aloe Barbadensis Leaf Extract, Hydrogenated Olive Oil, Glyceryl Rosinate, Ricinus Communis Seed Oil, Hydrogenated Vegetable Oil, Acacia Decurrens Flower Cera, Tocopherol, Butylene/Ethylene/Styrene Copolymer, Euphorbia Cerifera Cera (Candelilla Wax), Polysorbate 80, Polyglycerin-3, Linoleic Acid, Hydrolyzed Corn Starch, Sucralose, Flavor, Tetrahexyldecyl Ascorbate, Linolenic Acid, Pentaerythrityl Tetra-di-t-butyl Hydroxyhydrocinnamate.""}]";https://www.sephora.com/product/mario-badescu-lip-balm-P440503?skuId=2185296;Lip Balm;https://www.sephora.com/productimages/sku/s2185296-main-zoom.jpg
28;a04dc7c5a6eb56c8;USD;sephora.com;Iris&Romeo;Skincare;Lip Balms & Treatments;;"[""Clean at Sephora"", ""Hydrating"", ""Cruelty-Free"", ""Plumping"", ""Good for: Dryness""]";What it is: A luxe, buttery balm that provides a nourishing cocoon of comfort while serum-strength peptides visibly plump, hydrate, and support lip-barrier health. Formulation Type: Lip Balm & Treatment Benefits: Hydrating, Plumping, Barrier Protection Highlighted Ingredients: - Palmitoyl Tripeptide-1: Visibly boosts lip volume and provides intensive hydration. - Rose Cocoon Lipid Blend (Bulgarian Rose Oil, Camellia Oil, and Shea Butter): Nourishes and locks in moisture. - Red Raspberry Seed Oil: Is a fatty-acid-rich antioxidant that soothes and softens dry, chapped lips. Ingredient Callouts: This product is cruelty-free. What Else You Need to Know: This nourishing, nondrying, lipid-rich balm combines visibly plumping collagen with barrier-boosting ingredients to restore comfort and hydration to lips. The long-lasting formula visibly plumps and smooths lip lines—with a sheer, never-sticky finish. Clean Clean at Sephora is our commitment to offering effective products without certain ingredients, such as parens, sulfates, phthalates, and mineral oils. Learn more here .;"[{""ingredients"": ""-Palmitoyl Tripeptide-1: Visibly boosts lip volume and provides intensive hydration. -Rose Cocoon Lipid Blend (Bulgarian Rose Oil, Camellia Oil, and Shea Butter): Nourishes and locks in moisture. -Red Raspberry Seed Oil: Is a fatty-acid-rich antioxidant that soothes and softens dry, chapped lips. Hydroxystearic/Linolenic/Oleic Polyglycerides, Triisostearyl Citrate, Ricinus Communis (Castor) Seed Oil, Polybutene, Polyhydroxystearic Acid, Microcrystalline Wax/Cera Microcristallina/Cire Microcristalline, Flavor, Helianthus Annuus (Sunflower) Seed Wax, Butyrospermum Parkii (Shea) Butter, Palmitoyl Tripeptide-1, Platonia Insignis (Bacuri) Seed Butter, Rubus Idaeus (Raspberry) Seed Oil, Citrullus Lanatus (Watermelon) Seed Oil, Rosa Canina Seed Oil, Camellia Oleifera Seed Oil, Lactic Acid, Rosa Centifolia Flower Wax, Rosa Damascena Flower Wax, Ethylhexyl Palmitate, Tribehenin, Caprylyl Glycol, Phenoxyethanol, Sorbitan Isostearate, Hexylene Glycol, Tocopherol, (+/-): Red 7 Lake (CI 15850), Titanium Dioxide (CI 77891). The list of ingredients is subject to change. Please consult the packaging of the product purchased.""}]";https://www.sephora.com/product/lip-cocoon-hydrating-lip-balm-with-peptides-P514919?skuId=2847937;Lip Cocoon Hydrating Barrier Repair Lip Balm with Peptides;https://www.sephora.com/productimages/sku/s2847937-main-zoom.jpg?pb=clean-at-sephora
18;a0d4cb880ff911d3;USD;sephora.com;Sol de Janeiro;Skincare;Lip Balms & Treatments;;"[""Without Parabens"", ""Cruelty-Free"", ""Good for: Dryness"", ""Natural Finish""]";What it is: A lip butter infused with nourishing cupuaçu, açaí, and coconut oil, leaving them soft with a dewy sheen that intensifies your natural lip color. Solutions for: - Dryness If you want to know more… Brazilian Kiss Cupuaçu Lip Butter nourishes lips for a soft, supple feel. Powered by a blend of extraordinarily nourishing cupuaçu butter, antioxidant powerhouse açaí, and super-conditioning coconut oil, it leaves lips traced with a Brazilian caramel scent. What it is formulated WITHOUT: - Parabens - Phthalates What else you need to know: This product is formulated without PEG’s, synthetic colors, and propylene glycol. Sol de Janeiro came together with a mutual love of the distinctly Brazilian attitude towards beauty, their secrets, and their know-how. This product supports the Brazilian philosophy that beauty isn’t a standard to reach, it’s an attitude to take. A head-to-toe sensuality that comes through in a smile, a saunter, a samba. Based in the USA, Sol de Janeiro is excited to be ablthe most effective, transformative, and fun beauty care experiencesincorporating the latest and greatest super ingredients from the Amazon. LOVE IT. FLAUNT IT. YOU’VE GOT I;"[{""ingredients"": ""-Cupua\u00e7u Butter: Locks in moisture with fatty-acids, phytosterols, and polyphenols. -A\u00e7ai: The antioxidant powerhouse packed into one super fruit keeps skin looking and feeling young. -Coconut Oil: Melts easily into skin to soften, condition, and moisturize. Helianthus Annuus (Sunflower) Seed Oil, Cocos Nucifera (Coconut) Oil, Olea Europaea (Olive) Fruit Oil, Behenyl Behenate, Polyhydroxystearic Acid, Helianthus Annuus (Sunflower) Seed Wax, Vitis Vinifera (Grape) Seed Oil, Theobroma Grandiflorum (Cupua\u00e7u) Seed Butter, Aroma (Flavor), Euphorbia Cerifera (Candelilla) Wax, Euterpe Oleracea (A\u00e7a\u00ed) Fruit Extract, Aloe Barbadensis Leaf Extract, Oryza Sativa (Rice) Bran Extract, Rosmarinus Officinalis (Rosemary) Leaf Extract, Helianthus Annuus (Sunflower) Extract, Tocopherol.""}]";https://www.sephora.com/product/brazilian-kiss-cupua-u-lip-butter-P415747?skuId=2879245;"Brazilian Kiss Cupua&#231;u Lip Butter";https://www.sephora.com/productimages/sku/s2879245-main-zoom.jpg
34;a3e62c1b28330a2f;USD;sephora.com;TULA Skincare;Skincare;Treatments;Face Serums;"[""Good for: Uneven Texture"", ""Radiant Finish"", ""Clean at Sephora"", ""Niacinamide"", ""Hyaluronic Acid"", ""Cruelty-Free""]";What it is: A complexion-boosting serum that provide an instant, luminous, sun-kissed finish while helping to visibly brighten skin over time and improve the skin barrier. Skin Type: Normal, Dry, Combination, and Oily Skincare Concerns: Dryness and Dullness Highlighted Ingredients: - Rainbow Seabright™ Elixir (Rainbow Seaweed & Niacinamide): Visibly brightens and defends against the effects of blue light and pollution. - Copper Peptides: Reduces the look of fine lines. - Hyaluronic Acid: Visibly plumps skin with hydration. Ingredient Callouts: This product is gluten-free and cruelty-free. What Else You Need to Know: Powered by copper peptides and niacinamide, these luminous bronzing drops instantly even the look of skin tone, visibly plump skin with hydration, and defend the skin’s surface against the damaging effects of blue light and pollution. Clinical Results: In a self-assessment on 33 subjects: - 96% agreed skin looks brighter, smoother, and more radiant Clean at Sephora is our commitment to offerinfective products without certain ingredients, such as parabens, sulfates, phthalates, and mineral oils. Learn more here .;"[{""ingredients"": ""-Rainbow Seabright\u2122 Elixir (Rainbow Seaweed & Niacinamide): Visibly brightens and defends against the effects of blue light and pollution. -Copper Peptides: Reduces the look of fine lines. -Hyaluronic Acid: Visibly plumps skin with hydration. Aqua/Water/Eau, Butylene Glycol, Glycerin, Caprylic/Capric Triglyceride, Coco-Caprylate/Caprate, Mica, Glyceryl Stearate SE, Cetyl Alcohol, Copper Palmitoyl Heptapeptide-14, Hydrolyzed Hyaluronic Acid, Niacinamide, Lactococcus Ferment Lysate, Lactobacillus Ferment, Lactobacillus, Curcuma Longa (Turmeric) Root Extract, Beta Vulgaris (Beet) Root Extract, Alpha-Glucan Oligosaccharide, Inulin, Cystoseira Tamariscifolia (Rainbow Wrack) Extract, Aspergillus/Camellia Sinensis Leaf Ferment Extract, Dunaliella Salina (Algae) Extract, Lactic Acid Phenoxyethanol, Ammonium Acryloyldimethyltaurate/VP Copolymer, Hydroxyacetophenone, Propanediol, Squalane, Pongamia Glabra (Pongam) Seed Oil, Sodium Dilauramidoglutamide Lysine, Ethylhexylglycerin, Sodium Citrate, Caprylyl Glycol, Polymnia Sonchifolia (Yacon) Root Juice, Haematococcus Pluvialis (Algae) Extract, Maltodextrin, Glyceryl Caprylate, Polyvinyl Alcohol, Palmitoyl Sh-Hexapeptide-13 Serine SP Amide, Phenylpropanol, Sodium Benzoate, Lactic Acid/Glycolic Acid Copolymer, 1,2-Hexanediol, Sodium Chloride, Xanthan Gum. MAY CONTAIN: Iron Oxides (CI 77491), Iron Oxides (CI 77492), Iron Oxides (CI 77499), Titanium Dioxide (CI 77891). The list of ingredients is subject to change. Please consult the packaging of the product purchased.""}]";https://www.sephora.com/product/tula-skincare-bronze-boost-glow-bronzing-drops-P511926?skuId=2775120;Bronze Boost Glow Bronzing Drops;https://www.sephora.com/productimages/sku/s2775120-main-zoom.jpg?pb=clean-at-sephora
36;a425d221225d328b;USD;sephora.com;Peter Thomas Roth;Skincare;Moisturizers;Face Creams;"[""Good for: Loss of firmness"", ""Hyaluronic Acid"", ""Good for: Uneven Texture"", ""Peptide"", ""Collagen"", ""Best for Dry, Combo, Normal Skin""]";What it is: A unique balm stick for cheeks and lips that plumps the look of skin with a ten percent Collagen Complex and quickly provides a glowy finish. Skin Type: Normal, Dry, Combination, and Oily Skincare Concerns: Dryness, Dullness, and Loss of Firmness and Elasticity Formulation: Balm Highlighted Ingredients: - 10% Collagen Complex: Plumps the appearance of skin for a visibly youthful bounce. - Hyaluronic Acid Filling Spheres: Provide rapid hydration for skin that feels infused with moisture. - Matrixyl® 3000 Peptide: Helps skin appear smoother and firmer. Ingredient Callouts: Free of parabens, formaldehydes, formaldehyde-releasing agents, phthalates, mineral oil, retinyl palmitate, oxybenzone, coal tar, hydroquinone, sulfates SLS & SLES, triclocarban, triclosan, and contains less than one percent synthetic fragrance. What Else You Need to Know: Formulated with a ten percent Collagen Complex, hyaluronic acid filling spheres, and Matrixyl® 3000, this balm stick doubles as a clinical formula, improving e appearance of skin elasticity after application and with continued use.* It seamlessly blends onto all skin tones to provide a buildable, glowy finish. Clinical Results: In a 1-week clinically measured study on 28 women ages 32 to 65, results showed: - This formula improves the appearance of skin elasticity after application and with continued use In a 1-week consumer perception study on 28 women, ranging in age from 32 to 65: - 96% agreed skin immediately appeared smooth and glowy and felt infused with moisture - 96% agreed skin appeared plump and cheek area appeared to have a youthful bounce in 1 week;"[{""ingredients"": ""-10% Collagen Complex: Plumps the appearance of skin for a visibly youthful bounce. -Hyaluronic Acid Filling Spheres: Provide rapid hydration for skin that feels infused with moisture. -Matrixyl\u00ae 3000 Peptide: Helps skin appear smoother and firmer. Diisostearyl Malate, Octyldodecanol, Polybutene, Squalane, Isostearic Acid, Cera Carnauba/Copernicia Cerifera (Carnauba) Wax/Cire De Carnauba, Synthetic Wax, C12-15 Alkyl Benzoate, Mica, Isostearoyl Hydrolyzed Collagen, Palmitoyl Tripeptide-1, Palmitoyl Tetrapeptide-7, Sodium Hyaluronate, Lactic Acid, Caprylyl Glycol, Ethylhexyl Palmitate, Sorbitan Laurate, Pentaerythrityl Tetra-di-t-butyl Hydroxyhydrocinnamate, C18-36 Acid Glycol Ester, C18-36 Acid Triglyceride, Trihydroxystearin, Glucomannan, Titanium Dioxide (CI 77891). The list of ingredients is subject to change, please consult the packaging of the product purchased.""}]";https://www.sephora.com/product/peter-thomas-roth-instant-firmx-r-collagen-bounce-stick-P513580?skuId=2743748;"Instant FIRMx&#174; Collagen Bounce Stick";https://www.sephora.com/productimages/sku/s2743748-main-zoom.jpg
29;a448dba30634e783;USD;sephora.com;MILK MAKEUP;Skincare;Treatments;Face Serums;"[""Best for Dry, Combo, Normal Skin"", ""Cruelty-Free"", ""Hydrating"", ""Clean at Sephora"", ""Peptide"", ""Vegan""]";What it is: A clean, hydrating serum stick with a bouncy jelly texture and peptides that helps smooth, brighten, and minimize the look of pores for glowy skin. Skin Type: Normal, Dry, Combination, and Oily Skincare Concerns: Dark Spots, Dryness, and Dullness Highlighted Ingredients: - 3% Matrixyl: Plant peptides help smooth the look of fine lines and skin texture. - Watermelon Fruit Extract and Lentil Extract: Help hydrate and minimize the look of pores. - Swiss Garden Cress Sprout Extract: Helps even skin tone and reduce the look of dark spots. Ingredient Callouts: This product is vegan, gluten-free, cruelty-free, and comes in recyclable packaging. What Else You Need to Know: This hydrating and brightening serum stick boosts your glow with gentle, highly effective alternatives to harsh skincare ingredients. Plant-powered peptides and extracts help even skin tone and smooth the look of lines and texture. Safe for all skin types, including sensitive and acne-prone. Clinical Results: In a consumer perception study of 33 people after using the product immediately, in a 12-hour period, and a 28-day period: -100% said it’s non-irritating and gentle on skin. -96% said skin feels soft and smooth after 12 hours. -93% said it restores firmness and helps diminish the look of dark spots after 28 days Clean at Sephora is our commitment to offering effective products without certain ingredients, such as parabens, sulfates, phthalates, and mineral oils. Learn more here;"[{""ingredients"": ""-Watermelon Fruit Extract and Lentil Extract: Plant peptides help smooth the look of fine lines and skin texture. -Swiss Garden Cress Sprout Extract: Hydrate and minimize the look of pores. -3% Matrixyl: Visibly evens skin tone and reduces the look of dark spots. Aqua/Water/Eau, Aloe Barbadensis Leaf Juice, Glycerin, 2,3-Butanediol, Propanediol, Sorbitol, Citrullus Lanatus (Watermelon) Fruit Extract, Lepidium Sativum Sprout Extract, Lens Esculenta (Lentil) Seed Extract, Chondrus Crispus Extract, Hibiscus Rosa-Sinensis Flower Extract, Opuntia Vulgaris Extract, Tremella Fuciformis Polysaccharide, Chlorella Ferment, Palmitoyl Tripeptide-1, Palmitoyl Tetrapeptide-7, Butylene Glycol, Hydroxyacetophenone, Tocopherol, Sodium Hyaluronate, Citrulline, Carrageenan, 1,2-Hexanediol, Caprylyl Glycol, Ethylhexylglycerin, Carbomer, Xanthan Gum, Guar Hydroxypropyltrimonium Chloride, Agarose, Polysorbate 20, Sodium Lactate, Sodium PCA, Erythritol, Sodium Hydroxide, Propylene Glycol, Citric Acid, Sodium Carbonate, Sorbic Acid, Benzoic Acid, Potassium Sorbate, Sodium Benzoate, Phenoxyethanol, Red 40 (CI 16035). The list of ingredients is subject to change. Please consult the packaging of the product purchased.""}]";https://www.sephora.com/product/watermelon-jelly-glow-brightening-serum-stick-with-peptides-P515153?skuId=2848323;Watermelon Jelly Brightening Serum Stick with Peptides;https://www.sephora.com/productimages/sku/s2848323-main-zoom.jpg?pb=clean-at-sephora
7;a61cd00f9404b22e;USD;sephora.com;SEPHORA COLLECTION;Skincare;Lip Balms & Treatments;;"[""Hydrating"", ""Clean at Sephora"", ""Stick Formula"", ""Good for: Dryness"", ""Good for: Uneven Texture""]";What it is: A vegan lip balm made with 95 percent natural ingredients to nourish your lips for up to eight hours. Skin Type: Normal and Dry Skincare Concerns: Dryness Formulation: Balm Highlighted Ingredients: - Plant-Based Waxes and Butters: Nourish and moisturize. Ingredient Callouts: Free of parabens, formaldehydes, formaldehyde-releasing agents, phthalates, mineral oil, retinyl palmitate, oxybenzone, coal tar, hydroquinone, sulfates SLS & SLES, triclocarban, triclosan, and contains less than one percent synthetic fragrance. It is also vegan. What Else You Need to Know: These Sephora Collection lip formulas are made with 95 percent natural-origin ingredients that softly moisturize lips for up to eight hours. Available in four deliciously scented flavors including coconut, cherry, watermelon, and raspberry, these super-ingredient balms are dermatologically tested by independent laboratories and consumers to guarantee their safety and effectiveness. The Coconut Lip Balm is nourishing and soothing. The Cherry Lip Balm is nourishing and comforting. The Watermelon Lip Balm is nourishing and moisturizing. The Raspberry Lip Balm is nourishing and adds a sheer shine. Clinical Results: Coconut Balm: In a test: - 100% of people found the lip balm nourishes the lips - 100% of people found the lip balm had a soothing effect on their lips Cherry Balm: In a test: - 100% of people found the lip balm nourishes the lips - 100% of people found the balm instantly made their lips feel more comfortable Watermelon Balm: In a test: - 100% of people found the lip balm nourishes the lips - 100% of people found the lip balm moisturizes the lips Raspberry Balm: In a test: - 100% of people found the lip balm nourishes the lips - 100% of people found the lip balm makes their lips shine CLEAN at Sephora is our commitment to offering formulas that go beyond regulatory standards to avoid controversial ingredients without sacrificing effectiveness.;"[{""ingredients"": ""-Plant-Based Waxes and Butters: Nourish and moisturize. Hydrogenated Vegetable Oil, Ricinus Communis (Castor) Seed Oil, Helianthus Annuus Seed Cera (Helianthus Annuus (Sunflower) Seed Wax), Butyrospermum Parkii Butter (Butyrospermum Parkii (Shea Butter)), Helianthus Annuus (Sunflower) Seed Oil, Theobroma Cacao (Cocoa) Seed Butter, CI 77947 (Zinc Oxide), Parfum (Fragrance), Tocopherol, CI 45410 (Red 28 Lake), Dicalcium Phosphate, CI 19140 (Yellow 5 Lake), Sucralose, CI 15850 (Red 7 Lake), Citrullus Lanatus (Watermelon) Fruit Extract.""}]";https://www.sephora.com/product/moisturizing-lip-balm-P500744?skuId=2707875;Moisturizing Lip Balm;https://www.sephora.com/productimages/sku/s2707875-main-zoom.jpg?pb=clean-at-sephora
19;a8c0daa6d341ce0d;USD;sephora.com;Drunk Elephant;Skincare;Lip Balms & Treatments;;"[""Clean at Sephora"", ""Good for: Dryness""]";What it is: A buttery, nourishing lip balm that moisturizes and soothes while softening dry, parched lips. Skin Type: Normal, Dry, Combination, and Oily Skincare Concerns: Fine Lines and Wrinkles, Dryness, and Loss of Firmness and Elasticity Highlighted Ingredients: - Shea Butter: Moisturizes the skin and helps protect the skin's barrier function. -Tripeptide-1: Promotes healthy collagen production, hydrates the lips, and helps make them look fuller, with more volume and better definition of the lip line. Ingredient Callouts: This product is cruelty-free. What Else You Need to Know: Loaded with antioxidant-rich green tea leaf and vitamin C, Lippe Balm neutralizes the free radicals and environmental aggressors that cause premature signs of aging. It's free of essential oils, silicones, and fragrance, and is dermatologist tested. Drunk Elephant is committed to using only ingredients that either directly benefit the health of the skin or support the integrity of our formulations. We focus on healthy pH levels, formulations the skin recognizes, small molecular structure that’s easily absorbed, and effective active ingredients that also support the skin’s acid mantle. All of our products are designed to be mixed together—that’s what’s known around here as making a smoothie. (This is true for all of our products except our sunscreen Umbra, which sits on top of the skin, keeping it safe.) The result is skin that is reset to its happiest, healthiest state. Drunk Elephant is a supporter of IEF (International Elephant Foundation) and is cruelty-free. Clinical Results: In a consumer-perception study with 30 people after 4 weeks: - 96% agreed lips felt protected, soothed, and comfortable -86% agreed lips felt smoother -80% agreed Lippe Balm relieved cracked, chapped, and/or flaky lips Clean at Sephora Clean at Sephora is our commitment to offering effective products without certain ingredients, such as parabens, sulfates, phthalates, and mineral oils. Learn m;"[{""ingredients"": ""- Shea Butter: Moisturizes the skin and helps protect the skin's barrier function. -Tripeptide-1: Promotes healthy collagen production, hydrates the lips, and helps make them look fuller, with more volume and better definition of the lip line. Cocos Nucifera (Coconut) Oil, Sclerocarya Birrea Seed Oil, Butyrospermum Parkii (Shea) Butter, Caprylic/Capric Triglyceride, Bis-Diglyceryl Polyacyladipate-2, Beeswax/Cera Alba/Cire D\u2019abeille, Ozokerite, Polyisobutene, Glycine Soja (Soybean) Oil, Copernicia Cerifera (Carnauba) Wax/Cera Carnauba/Cire De Carnauba, Euphorbia Cerifera (Candelilla) Wax/Candelilla Cera/Cire De Candelilla, Oleic Acid, Camellia Sinensis Leaf Extract, Dictyopteris Polypodioides Extract, Magnolia Grandiflora Bark Extract, Carthamus Tinctorius (Safflower) Seed Oil, Palmitic Acid, Tocopherol, Persea Gratissima (Avocado) Oil, Helianthus Annuus (Sunflower) Seed Oil, Vaccinium Macrocarpon (Cranberry) Seed Oil, Tocopheryl Acetate, Dipotassium Glycyrrhizate, Palmitoyl Tripeptide-1, Tetrahexyldecyl Ascorbate, Ethylhexyl Palmitate, Dicaprylyl Ether, Tribehenin, Stearic Acid, Sorbitan Isostearate, Lauryl Alcohol, Linoleic Acid, Linolenic Acid, Caprylyl Glycol, Rosmarinus Officinalis (Rosemary) Leaf Extract, Phenoxyethanol, Lactic Acid. The list of ingredients is subject to change, please consult the packaging of the product purchased.""}]";https://www.sephora.com/product/lippe-tm-P403818?skuId=1766930;Lippe Balm;https://www.sephora.com/productimages/sku/s1766930-main-zoom.jpg?pb=clean-at-sephora
28;aa8d1d035ba17b8f;USD;sephora.com;Clarins;Skincare;Value & Gift Sets;;"[""High Shine Finish"", ""Hydrating"", ""Good for: Dryness"", ""allure 2023 Best of Beauty Award Winner"", ""Plumping"", ""Light Coverage""]";What it is: An exclusive three-piece set of award-winning Lip Comfort Oil minis in bestselling shades for blissful kisses of color and high shine your lips will love. Skin Type: Normal, Dry, Combination, and Oily Skincare Concerns: Dryness and Dullness Formulation: Oil Highlighted Ingredients: - Sweetbriar Rose Oil: Hydrates and visibly plumps. - Jojoba Oil: Nourishes and creates a smooth, silky texture. - Hazelnut Oil: Hydrates, nourishes, and softens. Ingredient Callouts: Free of parabens, formaldehydes, formaldehyde-releasing agents, phthalates, retinyl palmitate, oxybenzone, coal tar, hydroquinone, sulfates SLS & SLES, triclocarban, and triclosan. What Else You Need to Know: Enriched with a trio of nourishing plant oils including sweetbriar rose oil, these lip oils provide a protective shield of high shine and sheer color for up to 24 hours of hydration and lips that are 44% visibly plumper. This Set Contains: - 3 x 0.04 oz/ 1.4 mL Lip Comfort Oils in 01 Honey, 03 Cherry, and 04 Pitaya (mini) Clinical Results: In a test with 110 women, auto-evaluation results immediately after use showed: - 44% plumping effect In a clinical test with 24 women, results showed: - The lip oil provides 24 hours of hydration;"[{""ingredients"": ""-Sweetbriar Rose Oil: Hydrates and visibly plumps. -Jojoba Oil: Nourishes and creates a smooth, silky texture. -Hazelnut Oil: Hydrates, nourishes, and softens. 01 Honey: Polyglyceryl-2 Isostearate/Dimer Dilinoleate Copolymer, Simmondsia Chinensis (Jojoba) Seed Oil, Dilinoleic Acid/Butanediol Copolymer, Rosa Rubiginosa Seed Oil, Caprylic/ Capric Triglyceride, Corylus Avellana (Hazel) Seed Oil, Castor Oil/Ipdi Copolymer, Tocopheryl Acetate, Parfum/Fragrance, Vanillin, Capsicum Annuum Fruit Extract, Helianthus Annuus (Sunflower) Seed Oil, Tocopherol, Rosmarinus Officinalis (Rosemary) Leaf Extract. [M4050a/01]. 03 Cherry: Polyglyceryl-2isostearate/Dimerdilinoleate Copolymerl, Simmondsia Chinensis (Jojoba) Seed Oill, Dilinoleic Acid/Butanediol Copolymerl, Rosa Rubiginosa Seed Oil.Caprylic/Capric Triglyceridel, Corylus Avellana (Hazel) Seed Oill, Diisostearyl Malatel, Castor Oil/Ipdi Copolymerl, Tocopheryl Acetatel, Parfum/Fragrancel, Vanillinl, Ci 15985/Yellow 6 Lakel, Ci 17200/Red 33 Lakel, Ci 15850/Red 7 Lakel, Ci 45410/Red 27. [M4050a/03]. 04 Pitaya: Polyglyceryl-2 Isostearate/Dimer Dilinoleate Copolymer, Simmondsia Chinensis (Jojoba) Seed Oil, Dilinoleic Acid/Butanediol Copolymer, Rosa Rubiginosa Seed Oil, Caprylic/Capric Triglyceride, Corylus Avellana (Hazel)Seed Oil, Castor Oil/Ipdi Copolymer, Tocopherylacetate, Parfum/Fragrance, Vanillin, Diisostearyl Malate, Ci 45410/Red 28 Lake, Ci 45410/ Red 27, Ci 17200/Red 33 Lake. [M4050a/04].""}]";https://www.sephora.com/product/lip-comfort-hydrating-oil-set-P516018?skuId=2844066;Lip Comfort Hydrating Oil Set;https://www.sephora.com/productimages/sku/s2844066-main-zoom.jpg
25;aa9c78179fcdf5a4;USD;sephora.com;Iris&Romeo;Skincare;Mini Size;;"[""Clean at Sephora"", ""Hydrating"", ""Radiant Finish"", ""Niacinamide"", ""Reef Safe SPF"", ""Vitamin C""]";What it is: An innovative formula combining transparent mineral SPF 50 with a stabilized vitamin C serum for dewy, luminous-looking skin. Skin Type: Normal, Dry, Combination, and Oily Skincare Concerns: Dark Spots, Dryness, and Dullness Formulation: Liquid Highlighted Ingredients: - Time-Release Vitamin C: Is an antioxidant that visibly firms skin, supports collagen, and lightens the look of dark spots. - Niacinamide 3%: Visibly evens skin tone, reduces the look of pores, and smooths texture. - Non-Nano Mineral Zinc Oxide: Provides reef-friendly SPF 50 protection, shielding skin from UVA/UVB blue light. Ingredient Callouts: Free of parabens, formaldehydes, formaldehyde-releasing agents, phthalates, mineral oil, retinyl palmitate, oxybenzone, coal tar, hydroquinone, sulfates SLS & SLES, triclocarban, triclosan, and contains less than one percent synthetic fragrance. It is also cruelty-free and reef safe. What Else You Need to Know: This sunscreen is perfect as a makeup base or on bare-faced days when you want a quick your-skin-but-better glow. Infused with supercharged actives and mineral SPF, it protects against sun damage, combats the appearance of hyperpigmentation, and visibly softens wrinkles. Plus, its lack of white cast makes it suitable for all skin tones. Clean at Sephora is our commitment to offering effective products without certain ingredients, such as parabens, sulfates, phthalates, and mineral oils. Learn more here .;"[{""ingredients"": ""-Time-Release Vitamin C: Is an antioxidant that visibly firms skin, supports collagen, and lightens the look of dark spots. -Niacinamide 3%: Visibly evens skin tone, reduces the look of pores, and smooths texture. -Non-Nano Mineral Zinc Oxide: Provides reef-friendly SPF 50 protection, shielding skin from UVA/UVB blue light. Zinc Oxide - 10% (Non-Nano), Allantoin, Ascorbyl Glucoside, Bisabolol, Butyloctyl Salicylate, C12-15 Alkyl Benzoate, C26-28 Alkyl Dimethicone, Caprylic/Capric Triglyceride, Caprylyl Glycol, Caprylyl Methicone, Dimethicone, Glycerin, Hydrogenated Lecithin, Hydroxyethyl Dimethicone Laurate, Iron Oxides, Jojoba Esters, Lecithin, Methylpropanediol, Mica, Niacinamide, Phenylpropanol, Polyglyceryl-2 Dipolyhydroxystearate, Polyglyceryl-3 Diisostearate, Polyglyceryl-3 Polyricinoleate, Polyglyceryl-4 Diisostearate/Polyhydroxystearate/Sebacate, Pyrus Malus (Apple) Fruit Extract, Silica, Sodium Chloride, Sodium Hydroxide, Stearalkonium Hectorite, Tetrasodium Glutamate Diacetate, Tin Oxide, Titanium Dioxide, Tocopherol, Water. The list of ingredients is subject to change, please consult the packaging of the product purchased.""}]";https://www.sephora.com/product/iris-romeo-mini-weekend-skin-spf-50-instant-glow-mineral-sunscreen-with-vitamin-c-niacinamide-P510786?skuId=2773257;Mini Weekend Skin SPF 50 Instant Glow Tinted Mineral Sunscreen with Vitamin C + Niacinamide;https://www.sephora.com/productimages/sku/s2773257-main-zoom.jpg?pb=clean-at-sephora
22;ad4b79a53f3ec268;USD;sephora.com;OLEHENRIKSEN;Skincare;Lip Balms & Treatments;;"[""Trending on Social"", ""Good for: Anti-Aging"", ""Clean at Sephora"", ""Good for: Loss of firmness"", ""allure 2024 Best of Beauty Award Winner"", ""Good for: Dryness""]";What it is: An advanced lip treatment with skin-supporting peptides and kokum butter that quickly, visibly plumps lips with hydration and smooths fine lines. Skin Type: Normal, Dry, Combination, and Oily Skincare Concerns: Fine Lines and Wrinkles, Dryness, and Loss of Firmness and Elasticity Shade Description: Anine Bing Strawberry Sorbet Glimmer: Mauve pink tint with rose gold glimmer + freshly picked strawberry scent Citrus Sunshine Glimmer: Sheer tint with gold glimmer + fresh citrus scent Lingonberry Jam Glimmer: Magenta tint with silver glimmer + sweet berry scent Crème Brulee Glimmer: Beige tint with rose gold glimmer + vanilla brown sugar scent Highlighted Ingredients: - Lip-specific Peptides: Makes lips look more defined and fuller. - Kokum and Mango Seed Butter: Soothe, nourish, and condition lips. - Cloudberry Oil: Provides intense moisture and visibly softens lips. Ingredient Callouts: This product is vegan, gluten-free, cruelty-free, and comes in recyclable packaging. What Else You Need to Know: his lip treatment goes beyond hydration: It visibly counteracts volume loss and restores bounce with lip-specific peptides and nourishing butters and oils. The active formula is clinically tested to give you softer, bouncier, fuller-looking lips in just one week. Plus, you’ll love its naturally derived citrus scent and smooth texture. Clinical Results: In an 8-week clinical study on 39 people: - 97% agree it enhances the look of lips - 95% agree it rescues dry, flaky lips - 90% agree it gives lips a healthy bounce CLEAN at Sephora is our commitment to offering formulas that go beyond regulatory standards to avoid controversial ingredients without sacrificing on effectiveness. This product is an Allure Best of Beauty award winne;"[{""ingredients"": ""-Lip-specific Peptides: Makes lips look more defined and fuller. -Kokum and Mango Seed Butter: Soothe, nourish, and condition lips. -Cloudberry Oil: Provides intense moisture and visibly softens lips. Polybutene, Hydrogenated Polydecene, Bis-Diglyceryl Polyacyladipate-2, Hydrogenated Styrene/Isoprene Copolymer, Cera Microcristallina/Microcrystalline Wax/Cire Microcristalline, Silica, Rubus Chamaemorus Seed Oil, Garcinia Indica Seed Butter, Euterpe Oleracea Sterols, Palmitoyl Hexapeptide-12, Palmitoyl Tripeptide-1, Tocopheryl Acetate, Tocopherol, Irvingia Gabonensiskernel Butter, Citrus Aurantium Dulcis (Orange) Peel Oil, Citrus Aurantium Dulcis (Orange) Peel Wax, Citrus Aurantium Dulcis (Orange) Fruit Extract, Linoleic Acid, Linolenic Acid, Oleic Acid, Lactic Acid, Helianthus Annuus (Sunflower) Seed Oil, Caprylic/Capric Triglyceride, Cera Carnauba/Copernicia Cerifera (Carnauba) Wax/Cire De Carnauba, Hydrogenated Coco-Glycerides, Sorbitan Isostearate, Pentaerythrityl Tetraisostearate, Pentaerythrityl Tetra-Di-T-Butyl Hydroxyhydrocinnamate, Octyldodecanol, Ethylhexyl Palmitate, Dicalcium Phosphate, Tribehenin, Propylene Carbonate, Stearalkonium Hectorite, Parfum/Fragrance, Citral, Limonene, Linalool, Iron Oxides (Ci 77491, Ci 77492), Titanium Dioxide (Ci 77891). . The list of ingredients is subject to change, please consult the packaging of the product purchased.""}]";https://www.sephora.com/product/pout-preserve-peptide-lip-treatment-P503878?skuId=2648467;Pout Preserve Hydrating Peptide Lip Treatment;https://www.sephora.com/productimages/sku/s2648467-main-zoom.jpg?pb=allure-2024-bestofbeauty
24;af8d5d59c17971e9;USD;sephora.com;Kiehl's Since 1851;Skincare;Lip Balms & Treatments;;"[""Fragrance Free"", ""Cream Formula"", ""Hydrating"", ""Best for Dry Skin"", ""Without Parabens"", ""Good for: Dryness""]";What it is: An intensive lip treatment that repairs dry, flaky lips for smoother soft lipsovernight. Solutions for: - Dryness If you want to know more… Buttermask Intense Repair Lip Treatment delivers ultimate hydration, softness, and nourishment to dry or cracked lips. What else you need to know: Kiehl’s is inspired by its rich heritage as an old-world apothecary, applying over 165 years’ worth of cosmetic, pharmaceutical, herbal, and medicinal knowledge into the formulations. They utilize the finest natural ingredients and incorporate advanced scientific technologies to ensure the highest quality and most efficacious formulas without compromise. They are protective of the environment as they maximize the use of renewable, sustainable, and biodegradable ingredients. Kiehl’s proudly stands behind the quality, efficacy, and safety of each of their ;"[{""ingredients"": ""Bis-diglyceryl Polyacyladipate-2, Butyrospermum Parkii Butter / Shea Butter, Cocos Nucifera Oil / Coconut Oil, Cera Alba / Beeswax / Cire Dabeille, Ricinus Communis Seed Oil / Castor Seed Oil, Candelilla Cera / Candelilla Wax / Cire De Candelilla, Theobroma Cacao Seed Butter / Cocoa Seed Butter, Jojoba Esters, Simmondsia Chinensis Seed Oil / Jojoba Seed Oil, Octyldodecanol, Helianthus Annuus Seed Cera / Sunflower Seed Wax, Irvingia Gabonensis Kernel Butter, Aqua / Water / Eau, Hydrogenated Coco-glycerides, Caprylic/capric Triglyceride, Salix Nigra Bark Extract / Willow Bark Extract, Tocopherol, Acacia Decurrens Flower Cera / Acacia Decurrens Flower Wax, Polyglycerin-3, Sorbic Acid, Vanilla Planifolia Fruit Extract, Stevia Rebaudiana Leaf/stem Extract, Glycine Soja Oil / Soybean Oil, Citric Acid.""}]";https://www.sephora.com/product/buttermask-intense-repair-lip-treatment-P432239?skuId=2201093;Buttermask Intense Repair Lip Treatment;https://www.sephora.com/productimages/sku/s2201093-main-zoom.jpg
90;b1e45893fd4ad30e;USD;sephora.com;La Mer;Skincare;Lip Balms & Treatments;;"[""Plumping"", ""Good for: Loss of firmness"", ""Hydrating""]";What it is: A serum-strength lip treatment with natural shine helps protect and provide hydration while softening, smoothing, and plumping. Skin Type: Normal, Dry, Combination, and Oily Skincare Concerns: Loss of Firmness and Elasticity, Fine Lines and Wrinkles, and Dryness Ingredient Callouts: Free of sulfates SLS and SLES, parabens, formaldehydes, formaldehyde-releasing agents, mineral oil, retinyl palmitate, oxybenzone, coal tar, hydroquinone, and triclosan. What Else You Need to Know: This serum-strength lip treatment helps soften, smooth, and plump while protecting lips from future damage. The lips are particularly vulnerable to environmental aggressors and this Miracle Broth™-infused treatment is formulated with antioxidants to hydrate lips and help reduce the appearance of fine lines over tim;"[{""ingredients"": """"}]";https://www.sephora.com/product/the-lip-volumizer-P444964?skuId=2748606;The Lip Volumizer;https://www.sephora.com/productimages/sku/s2748606-main-zoom.jpg
3;b1e8d5d01bf3f604;USD;sephora.com;SEPHORA COLLECTION;Skincare;Lip Balms & Treatments;;"[""Good for: Dryness"", ""Best for Dry, Combo, Normal Skin"", ""Clean at Sephora"", ""Hydrating""]";What it is: A moisturizing lip mask enriched with cherry extract specially designed to hug the natural shape of your lips, leaving lips feeling soft and hydrated in just five minutes. Skin Type: Normal and Dry Skincare Concerns: Dryness Highlighted Ingredients: - Cherry Extract: Smooths and moisturizes dry lips. Ingredient Callouts: Free of parabens, formaldehydes, formaldehyde-releasing agents, phthalates, mineral oil, retinyl palmitate, oxybenzone, coal tar, hydroquinone, sulfates SLS & SLES, triclocarban, triclosan, and contains less than one percent synthetic fragrance. What Else You Need to Know: SEPHORA COLLECTION’s moisturizing lip mask enriched with cherry extract and formulated with 95% ingredients from natural origin, leave your lips soft and supple in just five minutes. This product is vegan (free from animal-derived ingredients). Clinical Results: Satisfaction survey with 22 people, % of people satisfied after the first application: - 100% of people found that lips are nourished - 100% of peopleound the mask smoothed the lip contour Clean at Sephora is our commitment to offering effective products without certain ingredients, such as parabens, sulfates, phthalates, and mineral oils. Learn more here .;"[{""ingredients"": ""-Cherry Extract: Smooths and moisturizes dry lips. Aqua (Water), Glycerin, 1,2-Hexanediol, Polyglyceryl-10 Laurate, Erythritol, Hydroxyacetophenone, Hydroxyethylcellulose, Caprylic/Capric Triglyceride, Aloe Barbadensis Leaf Juice Powder, Betaine, Dipotassium Glycyrrhizate, Xanthan Gum, Ethylhexylglycerin, Parfum (Fragrance), Prunus Cerasus (Bitter Cherry) Extract, Citric Acid, Panthenol, Sodium Benzoate, Undaria Pinnatifida Extract, Potassium Sorbate, Disodium Phosphate, Polysorbate 60, Sodium Phosphate, CI 15985 (Yellow 6), CI 17200 (Red 33), Tocopherol, CI 42090 (Blue 1). The list of ingredients is subject to change, please consult the packaging of the product purchased.""}]";https://www.sephora.com/product/moisturizing-cherry-lip-mask-P510932?skuId=2707735;Moisturizing Cherry Lip Mask;https://www.sephora.com/productimages/sku/s2707735-main-zoom.jpg?pb=clean-at-sephora
22;b5d500b6afaf16a6;USD;sephora.com;Farmacy;Skincare;Lip Balms & Treatments;;"[""Hydrating"", ""Best for Dry Skin"", ""Plumping"", ""Good for: Uneven Texture"", ""Cruelty-Free"", ""Clean at Sephora""]";What it is: A nourishing daily lip balm powered by peptides and vitamin C that’s clinically proven to visibly plump, smooth, and reduce lip lines while locking in moisture—quickly and over time with a clear glossy finish. Skin Type: Normal, Dry, Combination, and Oily Skincare Concerns: Fine Lines and Wrinkles, Dryness, and Dullness Formulation: Balm Highlighted Ingredients: - Peptides: Visibly plumps and smooths lips. - Vitamin C: Smooths the look of lines. Ingredient Callouts: This product is vegan and cruelty-free. What Else You Need to Know: This is a peptide-powered smoothie for your lips. Packed with a blend of peptides and vitamin C, this clinically proven lip balm quickly visibly plumps, smooths the look of lines, and leaves a clear high-gloss finish for up to eight hours. Lips are left pillowy soft and sealed with moisture, volume, and juicy shine. Clinical Results: Based on clinical testing on 35 subjects after one use: -Clinically-proven to lock in moisture for 8 hours -100% showed plumper lips % showed reduced lip lines -100% showed smoother lip texture CLEAN at Sephora is our commitment to offering formulas that go beyond regulatory standards to avoid controversial ingredients without sacrificing on effectiveness.;"[{""ingredients"": ""-Peptides: Visibly plumps and smooths lips. -Vitamin C: Smooths the look of lines. Hydrogenated Polyisobutene, Diisostearyl Malate, Phytosteryl/Isostearyl/Cetyl/Stearyl/Behenyl Dimer Dilinoleate, Caprylic/Capric Triglyceride, Polybutene, Mangifera Indica (Mango) Seed Butter, Synthetic Wax, Ethylene/Propylene/Styrene Copolymer, Euphorbia Cerifera (Candelilla) Wax, Brassica Campestris/Aleurites Fordi Oil Copolymer, Butyrospermum Parkii (Shea) Butter, Tetrahexyldecyl Ascorbate, Palmitoyl Tripeptide-1, Pyrus Malus (Apple) Fruit Extract, Glycerin, Moringa Oleifera Seed Oil, Curcuma Longa (Turmeric) Leaf Extract, Solanum Melongena (Eggplant) Fruit Extract, Coccinia Indica Fruit Extract, Ocimum Sanctum Leaf Extract, Corallina Officinalis Extract, Melia Azadirachta Leaf Extract, Melia Azadirachta Flower Extract, Melia Azadirachta Extract, Tocopherol, Tribehenin, Ethylhexyl Palmitate, Glyceryl Caprylate, Malic Acid, Lactic Acid, Sorbitan Isostearate, Amber Powder, Pentaerythrityl Tetra-Di-T-Butyl Hydroxyhydrocinnamate, Butylene/Ethylene/Styrene Copolymer, Flavor/ Aroma*, Limonene (*Natural Flavor / Ar\u00f4me Naturel). The list of ingredients is subject to change, please consult the packaging of the product purchased.""}]";https://www.sephora.com/product/farmacy-apple-lip-smoothie-vitamin-c-peptide-lip-balm-P505757?skuId=2674281;Lip Smoothie Vitamin C + Peptide Lip Balm;https://www.sephora.com/productimages/sku/s2674281-main-zoom.jpg?pb=clean-at-sephora
20;b8614cd045c03da2;USD;sephora.com;Glow Recipe;Skincare;Treatments;Face Serums;"[""Hyaluronic Acid"", ""Niacinamide"", ""Clean + Planet Aware"", ""Good for: Uneven Texture"", ""High Shine Finish""]";What it is: A clinically effective serum with a sheer tint that evens skin tone with a warm glow, while niacinamide visibly brightens skin over time. Skin Type: Normal, Dry, Combination, and Oily Skincare Concerns: Uneven Tone, Dryness, and Dullness Formulation: Lightweight Gel Highlighted Ingredients: - Niacinamide: Visibly reduces hyperpigmentation and minimizes the look of pores over time. - Centella Asiatica: Antioxidant that softens and calms skin, decreasing the appearance of redness. - Hyaluronic Acid and Watermelon: Hydrates, soothes, and delivers essential vitamins to the skin. Ingredient Callouts: Free of formaldehydes, formaldehyde-releasing agents, mineral oil, oxybenzone, coal tar, and hydroquinone. It is also cruelty-free. What Else You Need to Know: This multi-use serum features the clinically effective brightening and hydrating ingredients of the bestselling Dew Drops, now with a warm hue. The sheer, buildable tinted serum, in shade Sun Glow, flatters a wide range of tones for a natural glow that looks healthy, not streaky, or patchy. Clinical Results: Based on a consumer use study of 31 participants after 4 weeks: - 96% agreed this product brightens and evens out skin tone - 96% agreed this product improves skin’s texture Based on a consumer use study of 31 participants after 2 weeks: - 96% agreed this product’s sheer, buildable formula works well with their skin tone Products formulated without certain ingredients, including parabens, sulfates, phthalates, and mineral oils, from brands that have met our specific criteria for ingredient sourcing and formulation, packaging, environmental commitments, and consumer transparency. Learn more he;"[{""ingredients"": ""Aqua/Water/Eau, Propanediol, Glycereth-26, Glycerin, Niacinamide, 2,3-Butanediol, 1,2-Hexanediol, Cetyl Ethylhexanoate, Citrullus Lanatus Fruit Extract, Centella Asiatica Extract, Sodium Hyaluronate, Mica, Coffea Arabica Seed Extract, Polyglyceryl-3 Methylglucose Distearate, Tromethamine, Glyceryl Stearate SE, Carbomer, Acrylates/C10-30 Alkyl Acrylate Crosspolymer, Ethylhexylglycerin, Xanthan Gum, Polyquaternium-51, Butylene Glycol, Tocopherol, Fragrance/Parfum, Benzyl Benzoate, Iron Oxides (CI 77491, CI 77499), Titanium Dioxide (CI 77891). The list of ingredients is subject to change, please consult the packaging of the product purchased.""}]";https://www.sephora.com/product/mini-watermelon-glow-niacinamide-hue-drops-sun-glow-serum-P515372?skuId=2827947;Mini Watermelon Glow Niacinamide Hue Drops Sun Glow Serum;https://www.sephora.com/productimages/sku/s2827947-main-zoom.jpg?pb=clean-planet-aware
24;b8ca25c0a83403a8;USD;sephora.com;Fenty Beauty by Rihanna;Skincare;Lip Balms & Treatments;;"[""Black Owned at Sephora"", ""Cruelty-Free"", ""Hydrating"", ""Clean at Sephora"", ""Vegan"", ""Good for: Dryness""]";"What it is: An ultra-hydrating lip oil that goes on clear and cushions lips with decadent fruit oils and vitamin-rich Cherry extracts. Strengthens the lips’ moisture barrier for a softer, more kissable pout. Skin Type: Normal, Dry, Combination, and Oily Skincare Concerns: Dryness Formulation: Oil Highlighted Ingredients: - Sweet Cherry Seed Oil: Infuses lips with essential fatty acids; moisturizes and nourishes. - Barbados Cherry and Wild Cherry Extracts: Antioxidant rich; condition and renew lips. - Jojoba Seed and Rosehip Fruit Oils: Locks in moisture and soothe dry lips. Ingredient Callouts: Free of parabens, formaldehydes, formaldehyde-releasing agents, phthalates, mineral oil, retinyl palmitate, oxybenzone, coal tar, hydroquinone, sulfates SLS & SLES, triclocarban, triclosan, and contains less than one percent synthetic fragrance. It is also gluten-free and cruelty-free. What Else You Need to Know: This antioxidant-rich formula defends lips against environmental stressors. It nourishes dry, chapped lip and plumps lips with hydration while decadent oils bind moisture to lips. Features a yummy scent and an ultra-plush doe-foot applicator for the ultimate treat. Clinical Results: In a 4-week clinical study of 49 people, after 1 week: - 100% agree it conditions lips - 100% agree it leaves lips feeling resilient - 98% agree it softens lips Clean at Sephora is our commitment to offering effective products without certain ingredients, such as parabens, sulfates, phthalates, and mineral oils. Learn more here .";"[{""ingredients"": ""-Sweet Cherry Seed Oil: Infuses lips with essential fatty acids, moisturizes, and nourishes. -Barbados Cherry and Wild Cherry Extracts: Are antioxidant rich, condition, and leave lips feeling renewed. -Jojoba Seed and Rosehip Fruit Oils: Help lock in moisture and soothe dry lips. Polyglyceryl-2 Triisostearate, Polyglyceryl-2 Isostearate/Dimer Dilinoleate Copolymer, Diphenyl Dimethicone, Silica Dimethyl Silylate, Prunus Avium (Sweet Cherry) Seed Oil*, Simmondsia Chinensis (Jojoba) Seed Oil, Dextrin Palmitate, Rosa Canina Fruit Oil, Malpighia Glabra (Acerola) Fruit Extract*, Prunus Serotina (Wild Cherry) Fruit Extract*, Raphanus Sativus (Radish) Root Extract, Maltodextrin, Citric Acid, Aqua/Water/Eau, Benzyl Alcohol, Benzyl Benzoate, Dehydroacetic Acid, Butylene Glycol, 1,2-Hexanediol, Aroma/Flavor. . The list of ingredients is subject to change, please consult the packaging of the product purchased.""}]";https://www.sephora.com/product/cherry-treat-conditioning-lip-oil-P500307?skuId=2536423;Fenty Treatz Hydrating + Strengthening Lip Oil;https://www.sephora.com/productimages/sku/s2536423-main-zoom.jpg?pb=clean-at-sephora
39;b9bd36a16b5ef192;USD;sephora.com;Drunk Elephant;Skincare;Treatments;Face Serums;"[""Clean at Sephora"", ""Good for: Uneven Texture"", ""Good for: Dryness"", ""Vegan""]";"What it is: This omega-rich serum adds a rosy allover flush while supporting healthy barrier function for a natural day-in-the-sun look (without the sun damage). Skin Type: Normal, Dry, Combination, and Oily Skincare Concerns: Dryness and Dullness Formulation: Lightweight Liquid Highlighted Ingredients: - Vitamin F (Linoleic and Linolenic Acids): Visibly improves texture and suppleness while calming sensitive skin. - Caesalpinia Sappan Bark Extract: A vegan pigment from the sappanwood tree that gives this formula its warm, pinkish-red tone. - Virgin Marula Oil: Moisturizes, nourishes, and visibly rejuvenates skin for a youthful-looking glow. Ingredient Callouts: This product is vegan, cruelty-free, and comes in recyclable packaging. What Else You Need to Know: The concentrated but flattering, watercolor-light formula is buildable for a natural ""nobody knows why you’re flush"" flush. Like Drunk Elephant's other color serum drops D-Bronzi and B-Goldi, O-Bloos is dermatologist tested and can be mixed with any Drunk Elephant moisturizer or serum to add the prettiest hint of color. Drunk Elephant is committed to using only ingredients that either directly benefit the health of the skin or support the integrity of their formulations. The brand focuses on healthy pH levels, formulations the skin recognizes, small molecular structure that’s easily absorbed, and effective active ingredients that also support the skin’s acid mantle. All of their products are designed to be mixed together—what Drunk Elephant calls making a smoothie. (This is true for all of their products except their sunscreen, Umbra, which sits on top of the skin, protecting it from UV damage.) The result is skin that is reset to its happiest, healthiest state. Clinical Results: In a consumer-perception study with 34 people after immediate application: - 91% agreed O-Bloos looked natural on their skin tone - 88% agrin felt replenished - 85% agreed skin looked moisturized Clean at Sephora is our commitment to offering effective products without certain ingredients, such as parabens, sulfates, phthalates, and mineral oils. Learn more here .";"[{""ingredients"": ""-Vitamin F (Linoleic and Linolenic Acids): Visibly improves texture and suppleness while calming sensitive skin. -Caesalpinia Sappan Bark Extract: A vegan pigment from the sappanwood tree that gives this formula its warm, pinkish-red tone. -Virgin Marula Oil: Moisturizes, nourishes, and visibly rejuvenates skin for a youthful-looking glow. Water/Aqua/Eau, Hydrogenated Polyisobutene, Glyceryl Oleate Citrate, Hydroxyethyl Acrylate/Sodium Acryloyldimethyl Taurate Copolymer, Glycerin, Ribes Nigrum (Black Currant) Seed Oil, Sclerocarya Birrea Seed Oil, Theobroma Cacao (Cocoa) Extract, Caprylic/Capric Triglyceride, Palmitoyl Tripeptide-1, Vitis Vinifera (Grape) Juice Extract, Caesalpinia Sappan Bark Extract, Sodium Lactate, Palmitoyl Tetrapeptide-7, Linoleic Acid, Linolenic Acid, Sorbitan Isostearate, Camellia Sinensis Leaf Extract, Propanediol, Sodium Hyaluronate Crosspolymer, Glutamylamidoethyl Imidazole, Silica, Butylene Glycol, Tocopherol, Polysorbate 20, Carbomer, Xanthan Gum, Phenoxyethanol, Pentylene Glycol, Sodium Benzoate, Sorbic Acid, Sodium Citrate, Caprylyl Glycol, Boron Nitride, Hexylene Glycol, Polysorbate 60, Ethylhexylglycerin, Tin Oxide. [+/- (May Contain/Peut Contenir): Mica, CI 77891 (Titanium Dioxide), CI 77491 (Iron Oxides)]. The list of ingredients is subject to change, please consult the packaging of the product purchased.""}]";https://www.sephora.com/product/drunk-elephant-o-bloos-trade-rosi-drops-P473304?skuId=2460475;O-Bloos™ Rosi Glow Drops with Vitamin;https://www.sephora.com/productimages/sku/s2460475-main-zoom.jpg?pb=clean-at-sephora
21;bc0f4355866e2fc2;usd;maccosmetics.com;MAC Cosmetics - Official Site;Skincare;Primers;Prep + Prime Highlighter;;"Illuminating, Sheer Coverage, Long-Wearing
      





          A pen-style highlighter that efficiently brings a soft, sheer wash of colour to the skin. With its precision application, it adds radiance just where you want it. Goes on smoothly for cushion-soft wear. Use over makeup for highlights, touch-ups or under makeup to brighten and prime.
        




Read More


Read Less";"Ingredients: Water\Aqua\Eau, Cyclopentasiloxane, Polydecene, Butylene Glycol, Sodium Chloride, Dimethicone, Peg-10 Dimethicone, Bis-Peg/Ppg-14/14 Dimethicone, Hexylene Glycol, Diglycerin, Polyglyceryl-4 Isostearate, Cetyl Peg/Ppg-10/1 Dimethicone, Nylon-12, Hexyl Laurate, Alumina, Triethoxycaprylylsilane, Polysilicone-11, Silica, Laureth-7, Disodium Edta, Phenoxyethanol, Potassium Sorbate,  [+/- Mica, Iron Oxides (Ci 77491, Ci 77492, Ci 77499), Titanium Dioxide (Ci 77891), Bismuth Oxychloride (Ci 77163), Blue 1 (Ci 42090), Blue 1 Lake (Ci 42090), Carmine (Ci 75470), Chromium Hydroxide Green (Ci 77289), Chromium Oxide Greens (Ci 77288), Ferric Ferrocyanide (Ci 77510), Ultramarines (Ci 77007), Yellow 5 (Ci 19140), Yellow 5 Lake (Ci 19140)] 





            ILN37201
          



            PLEASE BE AWARE THAT INGREDIENT LISTS MAY CHANGE OR VARY FROM TIME TO TIME. PLEASE REFER TO THE INGREDIENT LIST ON THE PRODUCT PACKAGE YOU RECEIVE FOR THE MOST UP TO DATE LIST OF INGREDIENTS.";https://www.maccosmetics.com/product/13825/15746/products/skincare/primers/prep-prime-highlighter;Prep + Prime Highlighter;https://sdcdn.io/mac/us/mac_sku_MJ2L01_1x1_0.png?width=1440&height=1440
30;c1991ddc1abbbb4c;USD;sephora.com;NUDESTIX;Skincare;Value & Gift Sets;;"[""Clean at Sephora"", ""Vegan""]";What it is: A collection of travel-size essentials to cleanse, exfoliate, and hydrate your skin with simple, multitasking vegan formulations. Ingredient Callouts: Free of parabens, phthalates, sulfates SLS & SLES, and contains less than one percent synthetic fragrance. It is also vegan, gluten-free, cruelty-free, and comes in recyclable packaging. What Else You Need to Know: Visibly renew your skin in just three steps. A skincare regimen that contains citrus-based, naturally efficacious, good-for-you ingredients perfect for everyday use. This Set Contains: - 0.68 oz/ 20 g Citrus Clean Balm & Makeup Melt - 0.68 oz/ 20 g Lemon-Aid Detox & Glow Micro-Peel - 0.68 oz/ 20 g Citrus-C Mask & Daily Moisturizer - TSA-friendly clear carrying case Clean at Sephora is our commitment to offering effective products without certain ingredients, such as parabens, sulfates, phthalates, and mineral oils. Learn more here .;"[{""ingredients"": ""Citrus Clean Balm & Makeup Melt: Isodecyl Neopentanoate, Isononyl Isononanoate, Peg-10isostearate, Peg-20 Glyceryl Triisostearate, Silicadimethyl Silylate, Synthetic Wax, Trihydroxystearin,Sorbitan Olivate, Litsea Cubeba Fruit Oil, Citrus Aurantiumdulcis (Orange) Peel Oil, Lavandula Angustifolia (Lavender)Oil, Pelargonium Graveolens Oil, Dehydroacetic Acid,Canarium Luzonicum Gum Nonvolatiles, Eucalyptusglobulus Leaf Oil, Rosmarinus Officinalis (Rosemary) Leafoil, Anthemis Nobilis Flower Oil, Citrus Aurantium Amara(Bitter Orange) Flower Oil, Acacia Senegal Gum, Curcumalonga (Turmeric) Root Extract, Maltodextrin, Water, Rosacanina Fruit Oil, Butylene Glycol, Pyrus Malus (Apple) Fruitextract, Salvia Hispanica Seed Extract, *Citral, *Limonene,*Linalool,*Citronellol, *Geraniol. Lemon-Aid Detox & Glow Micro-Peel: Aqua/Water/Eau, Dipropylene Glycol, Cellulose, Trehalose,Phenoxyethanol, Acrylates/C10-30 Alkyl Acrylatecrosspolymer, Arginine, Citrus Limon (Lemon) Peel Oil,Ethylhexylglycerin, Niacinamide, Carica Papaya (Papaya)Fruit Extract, Pyrus Malus (Apple) Peel Extract, Punicagranatum Fruit Extract, Glycerin, 1,2-Hexanediol, Ascorbyltetraisopalmitate, Hydrolyzed Hyaluronic Acid, Butyleneglycol, Lactic Acid, *Limonene. Citrus-C Mask & Daily Moisturizer: Aqua/Water/Eau, Glycerin, Propanediol, Dipropyleneglycol, Hydrogenated Poly(C6-14 Olefin), Diisostearylmalate, Caprylic/Capric Triglyceride, Hydrogenatedpolydecene, 1,2-Hexanediol, C14-22 Alcohols, Hydrogenatedpolyisobutene, Citrus Junos Seed Oil, Glyceryl Stearate,Sodium Acrylate/Sodium Acryloyldimethyl Tauratecopolymer, C12-16 Alcohols, C12-20 Alkyl Glucoside,Isohexadecane, Acrylates/C10-30 Alkyl Acrylatecrosspolymer, Arginine, Ammoniumacryloyldimethyltaurate/Vp Copolymer, Citrus Aurantiumbergamia (Bergamot) Fruit Oil, Canola Oil, Curcuma Longa(Turmeric) Root Extract, Tocopheryl Acetate,Hydrogenated Lecithin, Palmitic Acid, Xanthan Gum,Polysorbate 80, Sorbitan Oleate, Daucus Carota Sativa(Carrot) Seed Oil, Beta-Carotene, Daucus Carota Sativa(Carrot) Root Extract, Helianthus Annuus (Sunflower)Seed Oil, Tocopherol, *Limonene, *Linalool. *Naturally occurring in essential oils listed. **Nudestix formulations are updated from time to time as part of their commitment to innovation and maintaining global compliance. Therefore, ingredient lists or claims shown here may differ from the box of the product depending on time and global region of purchase. The list of ingredients is subject to change, please consult the packaging of the product purchased.""}]";https://www.sephora.com/product/nudestix-nudeskin-3-step-citrus-renew-set-for-makeup-P475143?skuId=2467496;NUDESKIN 3-Step: Citrus Renew Set For Makeup;https://www.sephora.com/productimages/sku/s2467496-main-zoom.jpg?pb=clean-at-sephora
22;c5c48b87666318cb;USD;sephora.com;Hello Sunday;Skincare;Sunscreen;Face Sunscreen;"[""Hyaluronic Acid"", ""Fragrance Free"", ""Reef Safe SPF"", ""Good for: Anti-Aging"", ""FSA/HSA Eligible"", ""Best for Dry, Combo, Normal Skin""]";What it is: A 100 percent mineral SPF 45 shimmer stick with hyaluronic acid provides head to toe protection and an on-the-go, hydrated glow. Skin Type: Normal, Dry, Combination, and Oily Skincare Concerns: Dryness, Dullness, and Loss of Firmness and Elasticity Formulation: Balm Highlighted Ingredients: - SPF 45: Sunscreen filters that protect and act as first line of defense against visible signs of aging. - Hyaluronic Acid: Locks in moisture and hydrates. - Sunflower Wax: Rich in essential fatty acids A, D, and E to seal in nurturing moisture. Ingredient Callouts: Free of parabens, formaldehydes, formaldehyde-releasing agents, phthalates, mineral oil, retinyl palmitate, oxybenzone, coal tar, hydroquinone, sulfates SLS & SLES, triclocarban, triclosan, and contains less than one percent synthetic fragrance. It is also gluten-free, cruelty-free, and comes in recyclable packaging. What Else You Need to Know: This mess-free, 100 percent mineral shimmer stick is easy to apply and perfect for on-the-go top ups. Itas packed with broad-spectrum UVA/UVB protection, moisture-rich sunflower wax, hyaluronic acid, and vitamin E for smooth, velvety soft skin. It's also fragrance-free and gentle on sensitive skin.;"[{""ingredients"": ""-SPF 45: Sunscreen filters that protect and act as first line of defense against visible signs of aging. -Hyaluronic Acid: Locks in moisture and hydrates. -Sunflower Wax: Rich in essential fatty acids A,D, and E to seal in nurturing moisture. Zinc Oxide 21.73%, Inactive: C12-15 Alkyl Benzoate, Caprylic/Capric Triglyceride, Isostearyl Isostearate, Helianthus Annuus (Sunflower) Seed Wax, Octyldodecanol, Butyloctyl Salicylate, Tribehenin, Diisostearyl Malate, Mica, Silica, Polyhydroxystearic Acid, Stearalkonium Bentonite, Calcium Aluminum Borosilicate, Sodium Hyaluronate, Glycine Soja (Soybean) Oil, Tetrahexyldecyl Ascorbate, Oryza Sativa (Rice) Germ Extract, Oryza Sativa (Rice) Extract, Ethylhexyl Palmitate, Malic Acid, Tocopherol, Physalis Angulata Extract, Isostearic Acid, Lecithin, Polyglyceryl-3 Polyricinoleate, Caprylyl Glycol, Benzotriazolyl Dodecyl P-Cresol, Propylene Carbonate, Polyglyceryl-3 Diisostearate, Tin Oxide, Trihydroxystearin, Glucomannan, Titanium Dioxide (Ci 77891), Iron Oxides (Ci 77491).""}]";https://www.sephora.com/product/hello-sunday-the-shimmer-one-spf-45-face-body-mineral-glow-stick-with-hyaluronic-acid-P510384?skuId=2753317;The Shimmer One SPF 45 Face and Body Mineral Sunscreen Glow Stick with Hyaluronic Acid;https://www.sephora.com/productimages/sku/s2753317-main-zoom.jpg
24;c618668adb6224ba;USD;sephora.com;Dr. Idriss;Skincare;Lip Balms & Treatments;;"[""Alcohol Free"", ""Good for: Dryness"", ""Good for: Skin Barrier"", ""AHA/Glycolic Acid"", ""Vegan"", ""Good for: Uneven Texture""]";"What it is: A hydrating, no-rinse exfoliating lip serum that is clinically shown to visibly smooth chapped, peeling, or dry lips after just one night. Skin Type: Normal, Dry, Combination, and Oily Skincare Concerns: Dryness and Uneven Texture Formulation: Liquid Highlighted Ingredients: - Mandelic Acid: An AHA that gently exfoliates and hydrates to visibly smooth. - Gluconolactone: An exfoliating acid that draws moisture in. - Glycerin: Hydrates. Ingredient Callouts: Free of parabens, formaldehydes, formaldehyde-releasing agents, phthalates, mineral oil, retinyl palmitate, oxybenzone, coal tar, hydroquinone, sulfates SLS & SLES, triclocarban, triclosan, and contains less than one percent synthetic fragrance. It is also vegan and cruelty-free. What Else You Need to Know: This AHA lip formula hydrates and gently exfoliates, without disrupting the sensitive lip skin barrier like physical scrubs can. Inspired by board-certified dermatologist Dr. Shereene Idriss’ (@shereeneidriss) vira""lip basting"" hack for chapped lips, this formula is clinically shown to improve lip texture. Clinical Results: In an independent clinical study and consumer-perception study of 34 subjects who used the Barrier Baste Lip Basting Duo,* after one application: - 94% of users reported that this duo immediately helps heal dry, damaged lips - 100% of users reported relief in discomfort caused by dryness and flakiness - 100% of users reported immediate protection, nourishment, and comfort of lips *Includes the Barrier Baste Lip Peel and Barrier Baste Lip Baste.";"[{""ingredients"": ""-Mandelic Acid: An AHA that gently exfoliates and hydrates to visibly smooth. -Gluconolactone: An exfoliating acid that draws moisture in. -Glycerin: Hydrates. Water/Aqua/Eau, Sucrose, Gluconolactone, Glycerin, Mandelic Acid, Sodium Hydroxide, Maltodextrin, Hydroxyethylcellulose, Flavor (Aroma), Phenoxyethanol.""}]";https://www.sephora.com/product/barrier-baste-exfoliating-aha-lip-treatment-P515380?skuId=2835585;Barrier Baste Exfoliating AHA Lip Treatment;https://www.sephora.com/productimages/sku/s2835585-main-zoom.jpg
24;c66165f713b96dce;USD;sephora.com;Paula's Choice;Skincare;Lip Balms & Treatments;;"[""Hydrating"", ""Good for: Dryness"", ""Peptide"", ""Plumping"", ""Collagen"", ""High Shine Finish""]";What it is: A lip treatment packed with 3X Pro-Collagen Peptides to visibly plump, smooth lines, and intensely hydrate lips both immediately and over time. Skin Type: Normal, Dry, Combination, and Oily Skincare Concerns: Fine Lines and Wrinkles, Dryness, and Loss of Firmness and Elasticity Formulation: Balm Highlighted Ingredients: - Tridecapeptide-1: Visibly reduces lines and plumps, making lips appear softer and fuller. - Palmitoyl Tripeptide-1: Helps support healthy, natural collagen levels and boosts visible volume. - Palmitoyl Tripeptide-38: Locks in lasting hydration, relieves dryness, and helps prevent the look of thinning. Ingredient Callouts: Free of parabens, formaldehydes, formaldehyde-releasing agents, phthalates, mineral oil, retinyl palmitate, oxybenzone, coal tar, hydroquinone, sulfates SLS & SLES, triclocarban, triclosan, and contains less than one percent synthetic fragrance. It is also vegan, gluten-free, and cruelty-free. What Else You Need to Know: This three-in-one hybrid lip product combines a powerful lip treatment, sheer gloss, and cushiony balm to deliver visible results in a nonsticky, sting-free formula. It was developed with a unique blend of peptides to hydrate and boost visible lip volume while supporting healthy collagen levels for fuller-looking, softer lips. Clinical Results: Based on an independent clinical study on 12 people, after 1 application on a key ingredient in the formula: - Clinically proven to plump and smooth lips for 24 hours after 1 application Based on self-assessments from an independent clinical study with 35 people, after 3 weeks: - 97% agree lips feel instantly hydrated -100% agree it doesn’t irritate li;"[{""ingredients"": ""-Tridecapeptide-1: Visibly reduces lines and plumps, making lips appear softer and fuller. -Palmitoyl Tripeptide-1: Helps support healthy, natural collagen levels and boosts visible volume. -Palmitoyl Tripeptide-38: Locks in lasting hydration, relieves dryness, and helps prevent the look of thinning. Hydrogenated Polyisobutene, Polybutene, Diisostearyl Malate, Bis-Diglyceryl Polyacyladipate-2, Glyceryl Behenate, Synthetic Beeswax, Caprylic/Capric Triglyceride, Butyrospermum Parkii (Shea) Butter, Cetearyl Ethylhexanoate, Ethylhexyl Palmitate, Ricinus Communis (Castor) Seed Oil, Dimethyl Isosorbide, Palmitoyl Tripeptide-1, Palmitoyl Tripeptide-38, Tridecapeptide-1, Sesamum Indicum (Sesame) Seed Extract, Portulaca Pilosa Extract, Pentylene Glycol, Prunus Domestica Seed Oil, Water (Aqua/Eau), Sodium Hyaluronate, Tribehenin, Sorbitan Isostearate, Hydrogenated Castor Oil, Lactic Acid, Tocopherol, Sucrose Cocoate, Vanillin, Red 7 Lake (CI 15850).""}]";https://www.sephora.com/product/pro-collagen-peptide-plumping-gloss-balm-lip-treatment-P514674?skuId=2828416;Pro-Collagen Peptide Plumping Gloss Balm Lip Treatment;https://www.sephora.com/productimages/sku/s2828416-main-zoom.jpg
24;c7a39f793c6bb49c;USD;sephora.com;Dr. Idriss;Skincare;Lip Balms & Treatments;;"[""Vegan""]";"What it is: A moisturizing, skin-barrier-repairing lip balm that is clinically shown to visibly soothe chapped, peeling, or dry lips after just one night. Skin Type: Normal, Dry, Combination, and Oily Skincare Concerns: Dryness, Dullness, and Uneven Texture Formulation: Balm Highlighted Ingredients: - Squalane: Prevents moisture loss and restores suppleness. - Ceramide III EP MB: Improves skin barrier strength, hydration, and suppleness. - Avena Sativa Kernal Oil: A skin-soothing antioxidant that moisturizes. Ingredient Callouts: Free of parabens, formaldehydes, formaldehyde-releasing agents, phthalates, mineral oil, retinyl palmitate, oxybenzone, coal tar, hydroquinone, sulfates SLS & SLES, triclocarban, triclosan, and contains less than one percent synthetic fragrance. It is also vegan and cruelty-free. What Else You Need to Know: This buttery formula can be applied during the day for protection and moisture on the go, or at night as an overnight lip mask. Inspired by board-certified dermatologist Dr. Shereene Idriss’ (@shereeneidriss) vira""lip basting"" hack for chapped lips, this formula is clinically shown to improve lip texture. Clinical Results: In an independent clinical study and consumer-perception study of 34 subjects who used the Barrier Baste Lip Basting Duo,* after one application: - 94% of users reported that this duo immediately helps heal dry, damaged lips - 100% of users reported relief in discomfort caused by dryness and flakiness - 100% of users reported immediate protection, nourishment, and comfort of lips *Includes the Barrier Baste Lip Peel and Barrier Baste Lip Baste";"[{""ingredients"": ""-Squalane: Prevents moisture loss and restores suppleness. -Ceramide III EP MB: Improves skin barrier strength, hydration, and suppleness. -Avena Sativa Kernal Oil: A skin-soothing antioxidant that moisturizes. Polybutene, Hydrogenated Polydecene, Diisostearyl Malate, Squalane, Butyrospermum Parkii (Shea) Butter, Polyethylene, Phytosteryl/Isostearyl/Cetyl/Stearyl/Behenyl Dimer Dilinoleate, Bis-Diglyceryl Polyacyladipate-2, Caprylic/Capric Triglyceride, Hydrogenated Styrene/Isoprene Copolymer, Avena Sativa (Oat) Kernel Oil, Colloidal Oatmeal, Panthenol, Silica, Ceramide NP, Tocopheryl Acetate, Cetearyl Alcohol, Barium Sulfate, Pentaerythrityl Tetra-Di-t-Butyl Hydroxyhydrocinnamate, Phenoxyethanol, Mentha Piperita (Peppermint) Oil, Limonene, Iron Oxides (CI 77491), Red 7 (CI 15850), Titanium Dioxide (CI 77891).""}]";https://www.sephora.com/product/barrier-baste-moisturizing-lip-balm-P515374?skuId=2835593;Barrier Baste Moisturizing Lip Balm;https://www.sephora.com/productimages/sku/s2835593-main-zoom.jpg
35;c7c1d4f0a77dd123;USD;sephora.com;CLINIQUE;Skincare;Lip Balms & Treatments;;[];What it is: An intensive lip treatment that helps repair the look of lines on and around the lips. Ingredient Callouts: Free of parabens and phthalates. What Else You Need to Know: This lip treatment replenishes natural moisture, so lips stay soft and hydrated.;"[{""ingredients"": ""Octyldodecanol, Pentaerythrityl Adipate/ Caprate/ Caprylate/ Heptanoate, Petrolatum, Bis-Diglyceryl Polyacyladipate-2, Polyethylene, Hydrogenated Dilinoleyl Alcohol, Stearoxy Dimethicone, Silica, Polybutene, Microcrystalline Wax\\Cera Microcristallina\\Cire Microcristalline, Water\\Aqua\\Eau, Triticum Vulgare (Wheat) Germ Extract, Polygonum Cuspidatum Root Extract, Theobroma Grandiflorum Seed Butter, Coffea Arabica (Coffee) Seed Extract, Rosmarinus Officinalis (Rosemary) Leaf Extract, Tocopheryl Acetate, Coffea Robusta Seed Extract, Betula Alba (Birch) Extract, Astrocaryum Murumuru Seed Butter, Hordeum Vulgare (Barley) Extract\\Extrait D'Orge, Butyrospermum Parkii (Shea Butter), Glycerin, Poria Cocos Sclerotium Extract, Linolenic Acid, Sodium Dna, Saccharomyces Lysate Extract, Linoleic Acid, Cholesterol, Sodium Rna, Ascorbyl Tocopheryl Maleate, Methyl Glucose Sesquistearate, Lauryl Pca, C20-40 Pareth-10, Squalane, Ethylhexylglycerin, Polyglyceryl-4 Isostearate, Hexyl Laurate, Cetyl Peg/Ppg-10/1 Dimethicone, Allyl Methacrylates Crosspolymer, Propylene Glycol Dicaprate, Nordihydroguaiaretic Acid, Glycine Soja (Soybean) Protein, Phytosphingosine, Oleic Acid, Acetyl Carnitine Hcl, Caprylic/Capric Triglyceride, Triethoxycaprylylsilane, Ethylhexyl Stearate, Lecithin, Hydrogenated Lecithin, Hexylene Glycol, Ethylhexyl Palmitate, Potassium Sulfate, Hydroxyethylcellulose, Ethylcellulose, Bht, Phenoxyethanol, [+/- Mica, Red 7 Lake (Ci 15850), Yellow 5 Lake (Ci 19140), Red 22 Lake (Ci 45380), Titanium Dioxide (Ci 77891), Iron Oxides (Ci 77491, Ci 77492, Ci 77499), Red 6 (Ci 15850), Red 30 Lake (Ci 73360), Carmine (Ci 75470), Red 33 Lake (Ci 17200), Red 28 Lake (Ci 45410), Blue 1 Lake (Ci 42090), Yellow 6 Lake (Ci 15985)]. Please be aware that ingredient lists may change or vary from time to time. Please refer to the ingredient list on the product package you receive for the most up to date list of ingredients.""}]";https://www.sephora.com/product/repairwear-intensive-lip-treatment-P122782?skuId=883306;Repairwear™ Intensive Lip Treatment for Hydration + Lin;https://www.sephora.com/productimages/sku/s883306-main-zoom.jpg
18;c8bfd3c20016a29a;USD;sephora.com;Glossier;Skincare;Cleansers;Face Wash & Cleansers;"[""Cruelty-Free"", ""Liquid Formula"", ""Vegan"", ""Without Sulfates SLS & SLES""]";What it is: A gentle, conditioning, cleansing oil and micellar water hybrid makeup remover that melts off and lifts away long-wearing and waterproof makeup without tugging skin. Skin Type: Normal, Dry, Combination, and Oily Formulation: Liquid Highlighted Ingredients: - Comfrey Root Extract: Soothes dry, stressed skin. - Micellar Water: Attracts dirt, oil, and makeup like a magnet. - Pro-Vitamin B5: A powerful, natural moisturizer. Ingredient Callouts: This product is vegan, gluten-free, and cruelty-free. What Else You Need to Know: Tough on makeup, nice to skin: This dual-phase, perfectly proportioned combination of micellar water and weightless oil dissolves makeup while comfrey root extract and pro-vitamin B5 condition and soothe, leaving skin feeling fresh and soft. It comes in a mess-free squeezable bottle with dispenser.;"[{""ingredients"": ""-Comfrey Root Extract: Soothes dry, stressed skin. -Micellar Water: Attracts dirt, oil, and makeup like a magnet. -Pro-Vitamin B5: A powerful, natural moisturizer. Water/Aqua/Eau, Isohexadecane, PEG-40 Hydrogenated Castor Oil, Panthenol, Glycerin, PPG-26-Buteth-26, Symphytum Officinale Root Extract, Sodium Benzoate, Disodium EDTA, Citric Acid, Sodium Chloride.""}]";https://www.sephora.com/product/glossier-milky-oil-P504919?skuId=2636744;Milky Oil Dual-Phase Waterproof Makeup Remover;https://www.sephora.com/productimages/sku/s2636744-main-zoom.jpg
45;ca9535eddaba0d1b;USD;sephora.com;Dr. Dennis Gross Skincare;Skincare;Lip Balms & Treatments;;"[""Cruelty-Free"", ""Hyaluronic Acid"", ""Hydrating"", ""Vegan"", ""Plumping"", ""High Shine Finish""]";What it is: A lip formula that immediately and visibly plumps, defines, and enhances your natural lip color while restoring the moisture barrier for hydrated, younger-looking lips. Skin Type: Normal, Dry, Combination, and Oily Skincare Concerns: Dryness, Dullness, and Loss of Firmness and Elasticity Highlighted Ingredients: - Multiple Weights of Hyaluronic Acid: Provide visibly plumping hydration for fuller-looking lips. - Peptide Complex: Visibly firms and volumizes lips. - Ectoin and Bisabolol: Prevent dryness while caring for and relieving chapped lips. Ingredient Callouts: This product is vegan and cruelty-free. What Else You Need to Know: Meet your go-to, daily addiction for supple-, smoother-, fuller-looking lips. An alternative to cosmetic fillers, this fast-acting formula instantly adds visible volume while actively caring for skin to prevent chapped, dehydrated lips over time. Clinical Results: In a clinical study conducted on 25 subjects: - 100% immediately showed plumper-looking lips - 100% immediately showed improvement in lip color, contour, and definition - 96% saw an improvement in dry, chapped lips after 3 days;"[{""ingredients"": ""-Multiple Weights of Hyaluronic Acid: Provide visibly plumping hydration for fuller-looking lips. -Peptide Complex: Visibly firms and volumizes lips. -Ectoin and Bisabolol: Prevent dryness while caring for and relieving chapped lips. Hydrogenated Polyisobutene, Jojoba Esters, Cocos Nucifera (Coconut) Oil, Squalane, Copernicia Cerifera (Carnauba) Wax, Ethylene/Propylene/Styrene Copolymer, Benzyl Nicotinate, Ectoin, Sodium Hyaluronate, Hydrolyzed Sodium Hyaluronate, Palmitoyl Tripeptide-38, Palmitoyl Tripeptide-1, Sodium Acetylated Hyaluronate, Portulaca Pilosa Extract, Silybum Marianum Fruit Extract, Centella Asiatica Meristem Cell Culture, Trehalose, Bisabolol, Citrullus Lanatus (Watermelon) Fruit Extract, Pyrus Malus (Apple) Fruit Extract, Persea Gratissima (Avocado) Oil, Triisostearin, Glycerin, Glucomannan, Ethylhexyl Palmitate, Tribehenin, Cetearyl Ethylhexanoate, Sucrose Cocoate, Trihydroxystearin, Dimer Dilinoleyl Dimer Dilinoleate, Xanthan Gum, Sorbitan Isostearate, Butylene/Ethylene/Styrene Copolymer, Leuconostoc/Radish Root Ferment Filtrate, Tocopherol, Water/Aqua/Eau, Lactic Acid, Citric Acid, Phenoxyethanol, Sodium Benzoate, Potassium Sorbate.""}]";https://www.sephora.com/product/derminfusions-tm-plump-repair-lip-treatment-with-hyaluronic-acid-P506789?skuId=2691103;"DermInfusions&#8482; Plump + Repair Lip Treatment with Hyaluronic Acid";https://www.sephora.com/productimages/sku/s2691103-main-zoom.jpg
220;ce175c0cd29deea7;USD;sephora.com;Charlotte Tilbury;Skincare;Moisturizers;Face Creams;"[""Without Sulfates SLS & SLES"", ""Hyaluronic Acid"", ""Good for: Anti-Aging"", ""Refill Available"", ""Good for: Dryness""]";What it is: A moisturizer, with hyaluronic acid to visibly plump skin and diminish the look of wrinkles, that leaves skin glowing and prepped for flawless makeup. Skin Type: Normal and Dry Skincare Concerns: Fine Lines, Wrinkles, and Loss of Firmness and Elasticity Highlighted Ingredients: - Hyaluronic Acid: Moisturizes skin’s outer layers for up to 24 hours so skin looks and feels softer, smoother, and plumped. - Vitamins C and E: Visibly brighten and even skin tone while fighting dullness. - BioNymph Peptide Complex: Diminishes the appearance of wrinkles and improves the look and feel of skin smoothness. Ingredient Callouts: Free of parabens, formaldehydes, formaldehyde-releasing agents, phthalates, mineral oil, retinyl palmitate, oxybenzone, coal tar, hydroquinone, sulfates SLS & SLES, triclocarban, triclosan, and contains less than one percent synthetic fragrance. It is also gluten-free and cruelty-free. What Else You Need to Know: This product started it all. Frustrated by moisturizers that didn't prove a visibly glowing base, Charlotte created her own. The Magic Cream Moisturizer floods skin with moisture, making it appear plumper and smoother while transforming the look over time. Clinical Results: - 3x hydration in 1 hour - Wrinkles appear 2x reduced in 8 weeks - Skin looks 2x firmer in 8 weeks **In a clinical trial on 29 people tested over 8 weeks;"[{""ingredients"": ""-Hyaluronic Acid: Moisturizes skin\u2019s outer layers for up to 24 hours so skin looks and feels softer, smoother, and plumped. -Vitamins C and E: Visibly brighten and even skin tone while fighting dullness. -BioNymph Peptide Complex: Diminishes the appearance of wrinkles and improves the look and feel of skin smoothness. Aqua/Water/Eau, C12-15 Alkyl Benzoate, Glyceryl Stearate Se, Butylene Glycol, Glycerin, Olus Oil/Vegetable Oil/Huile V\u00e9g\u00e9tale, Isononyl Isononanoate, Cetyl Alcohol, Ethylhexyl Palmitate, Cyclopentasiloxane, Dimethicone, Polyester-7, Phenoxyethanol, Neopentyl Glycol Diheptanoate, Butyrospermum Parkii (Shea) Butter, Steareth-21, Avena Sativa (Oat) Kernel Extract, Carbomer, Dimethiconol, Potassium Cetyl Phosphate, Chlorphenesin, Caprylyl Glycol, Xanthan Gum, Hydrolyzed Viola Tricolor Extract, Allantoin, Aloe Barbadensis (Aloe Vera) Leaf Juice, Disodium Edta, Tocopheryl Acetate, Camellia Oleifera Seed Oil, Rosa Canina Fruit Oil, Rosa Damascena (Rose) Extract, Sodium Hydroxide, Helianthus Annuus (Sunflower) Seed Oil, Michelia Alba Leaf Oil, Sodium Lactate, Coco-Glucoside, Peg-8, Ethylhexylglycerin, Sodium Hyaluronate, Tocopherol, Palmitoyl Tetrapeptide-7, Palmitoyl Tripeptide-1, Ascorbyl Palmitate, Plumeria Rubra Flower Extract, Ascorbic Acid, Citric Acid, Nicotiana Sylvestris Leaf Cell Culture, Linalool, Citronellol, Geraniol.""}]";https://www.sephora.com/product/charlotte-tilbury-refillable-jumbo-magic-cream-moisturizer-with-hyaluronic-acid-P477812?skuId=2486306;Refillable Jumbo Magic Cream Moisturizer with Hyaluronic Acid;https://www.sephora.com/productimages/sku/s2486306-main-zoom.jpg
47;d067f0e216751d4d;USD;sephora.com;IT Cosmetics;Skincare;Cleansers;Makeup Removers;"[""Hydrating"", ""Alcohol Free"", ""Without Mineral Oil"", ""Good for: Uneven Texture"", ""Vitamin C""]";What it is: A three-in-one, long-wearing makeup and sunscreen remover, brightening facial cleanser, and hydrating face mask. Skin Type: Normal, Dry, Combination, and Oily Skincare Concerns: Fine Lines and Wrinkles, Dryness, and Uneven Texture Formulation: Balm Highlighted Ingredients: - Vitamin C: Is known to visibly even the complexion and promote radiance. - Ceramide: Promotes a healthy skin barrier. - Rosehip Oil: Nourishes and hydrates the skin. Ingredient Callouts: Free of parabens, mineral oil, and sulfates SLS & SLES. It is also vegan. What Else You Need to Know: When massaged into skin, this rich balm transforms into a nourishing oil that easily melts away even the most stubborn waterproof makeup and SPF without stripping or drying out your skin. In fact, it’s now tested to deliver up to 24 hours of skin hydration. Clinical Results: Based on a Corneometer test: -Product delivers 24 hours hydration so it won’t leave skin feeling tight or;"[{""ingredients"": ""-Vitamin C: Is known to visibly even the complexion and promote radiance. -Ceramide: Promotes a healthy skin barrier. -Rosehip Oil: Nourishes and hydrates the skin. Ethylhexyl Palmitate, Polyethylene, Peg-20 Glyceryl Triisostearate, Butyrospermum Parkii Butter/Shea Butter, Phenoxyethanol, Peg-30 Dipolyhydroxystearate, Simmondsia Chinensis Seed Oil/Jojoba Seed Oil, Caprylyl Glycol, Tocopherol, Parfum/Fragrance, Rosa Canina Fruit Oil, Ascorbyl Palmitate, Polysorbate 20, Ppg-26-Buteth-26, Ceramide Np, Peg-40 Hydrogenated Castor Oil, Aqua/Water/Eau, Citric Acid.""}]";https://www.sephora.com/product/it-cosmetics-bye-bye-makeup-3-in-1-makeup-melting-cleansing-balm-P482681?skuId=2582260;Bye Bye Makeup 3-in-1 Makeup Melting Cleansing Balm;https://www.sephora.com/productimages/sku/s2582260-main-zoom.jpg
23;d07012ccf5ddc05f;USD;sephora.com;Fenty Beauty by Rihanna;Skincare;Lip Balms & Treatments;;"[""Black Owned at Sephora"", ""Cruelty-Free"", ""Hydrating"", ""Clean at Sephora"", ""Vegan"", ""Good for: Dryness""]";What it is: A lip mask with a plush, pudding-like texture that coats lips with supercharged moisture for a smoother, firmer and plumper-looking pout in 1 week. Skin Type: Normal, Dry, Combination, and Oily Skincare Concerns: Fine Lines and Wrinkles, Dryness, Loss of Firmness and Elasticity Formulation: Mask Highlighted Ingredients: - Coconut and Castor Oils: Bind and retain moisture to promote fuller-, healthier-looking lips. - Pomegranate and Jojoba Oil Complex: Visibly firms and plumps lip and boosts the appearance of bounce and elasticity. - Pomegranate Sterols: Enhance lips’ moisture barrier and boost hydration. Ingredient Callouts: This product is vegan, gluten-free, cruelty-free, and comes in recyclable packaging. What Else You Need to Know: Get instantly hydrated and nourished lips. This mask reduces the look of fine lines and wrinkles and improves bounce and elasticity. Lips are left looking fuller, more sculpted and defined. It’s infused with a light scent and flavor. Clinical Results: In a 4-weensumer study on 54 people: Instantly: Hydrates lips Over time: -Smooths and retexturizes lips -Improves firmness and elasticity -Improves the look of fine lines and wrinkles After one week: -96% agree it hydrates and conditions lips overnight -94% agree it leaves lips feeling soft in the morning -93% agree it restores lips overnight Clean at Sephora is our commitment to offering effective products without certain ingredients, such as parabens, sulfates, phthalates, and mineral oils. Learn more here .;"[{""ingredients"": ""-Coconut and Castor Oils: Bind and retain moisture to promote fuller-, healthier-looking lips. -Pomegranate and Jojoba Oil Complex: Visibly firms and plumps lip and boosts the appearance of bounce and elasticity. -Pomegranate Sterols: Enhance lips\u2019 moisture barrier and boost hydration. Polybutene, Hydrogenated Polydecene, Bis-Diglyceryl Polyacyladipate-2, Ricinus Communis (Castor) Seed Oil, Caprylic/Capric Triglyceride, Hydrogenated Styrene/Isoprene Copolymer, Polyethylene, Silica, Cocos Nucifera (Coconut) Oil, Malpighia Punicifolia (Acerola) Fruit Extract, Punica Granatum Flower Extract, Punica Granatum Sterols, Tocopherol, Tocopheryl Acetate, Simmondsia Chinensis (Jojoba) Seed Oil, Aroma/Flavor, Pentaerythrityl Tetra-Di-T-Butyl Hydroxyhydrocinnamate, Polyglyceryl-3 Diisostearate, Dicalcium Phosphate, Phenoxyethanol, Titanium Dioxide (Ci 77891), Yellow 5 Lake (Ci 19140), Iron Oxides (Ci 77491). . The list of ingredients is subject to change, please consult the packaging of the product purchased.""}]";https://www.sephora.com/product/fenty-skin-rihanna-plush-puddin-intensive-recovery-lip-mask-with-pomegranate-sterols-vitamin-e-P503692?skuId=2619997;Plush Puddin’ Intensive Recovery Lip Mask With Pomegranate Sterols + Vitamin;https://www.sephora.com/productimages/sku/s2619997-main-zoom.jpg?pb=clean-at-sephora
30;d89bd40daca6959e;USD;sephora.com;NUDESTIX;Skincare;Cleansers;Toners;"[""Vegan"", ""Clean at Sephora""]";What it is: A toner that visibly clarifies pores, gently exfoliates dead skins, and renews texture for smooth, soft, and glowing skin. Skin Type: Normal, Dry, Combination, and Oily Skincare Concerns: Fine Lines and Wrinkles, Pores, and Dullness Formulation: Liquid Highlighted Ingredients: - 3% Glycolic Acid: De-gunks pores to help reduce the appearance of blemishes - 2% Citrus Fruit Acids: Detoxes, exfoliates, Brightening & Antioxidant, Balances oil secretion - Hyaluronic Acid: Softens and moisturizes skin. Ingredient Callouts: Free of parabens, formaldehydes, formaldehyde-releasing agents, phthalates, mineral oil, retinyl palmitate, oxybenzone, coal tar, hydroquinone, sulfates SLS & SLES, triclocarban, triclosan, and contains less than one percent synthetic fragrance. It is also vegan, gluten-free, and cruelty-free. What Else You Need to Know: Made with 3% glycolic acid and 2% fruit acid complex, this alcohol-free, vegan spa-strength resurfacing treatment penetrates the skin by gently exfoliating, dissolving impurities and brightening, minimizing rough skin texture and leaving you with a radiant-and-glowing complexion. Skin Renewal is our body’s natural biological process of creating new healthy skin to replace existing damaged skin, via exfoliation. Nudeskin’s science is based on Skin Renewal Optimization (SRO). Skin Renewal Optimization (SRO) works through daily topical dosing of the dermatologist-recommended actives in the Nudeskin’s Four-Step Ritual to get visibly softer, clearer, smoother, and brighter skin. Clinical Results: Based on a consumer panel: - 100% of the consumers agreed that the product left their skin glowing after use - 100% of the consumers agreed that their skin looked more even-toned after 14 days of use - 100% of the consumers agreed that 5% Citrus Fruit & Glycolic Glow Toner made their skin feel soft after use CLEAN at Sephora is our commitment to offering formulas that go beyond regulatory standards to avoid controversial ingredients without sacrificing on effectiv;"[{""ingredients"": ""-3% Glycolic Acid: De-gunks pores to help reduce the appearance of blemishes -2% Citrus Fruit Acids: Detoxes, exfoliates, Brightening & Antioxidant, Balances oil secretion -Hyaluronic Acid: Softens and moisturizes skin. INGREDIENTS/INGR\u00c9DIENTS: WATER (AQUA), PROPANEDIOL, DIPROPYLENE GLYCOL, GLYCOLIC ACID, SODIUM CITRATE, 1,2-HEXANEDIOL, POLYGLYCERYL-4 CAPRATE, GLYCERIN, BUTYLENE GLYCOL, TRICHOLOMA MATSUTAKE EXTRACT, ETHYLHEXYLGLYCERIN, CITRUS LIMON (LEMON) FRUIT EXTRACT, CITRUS AURANTIFOLIA (LIME) FRUIT EXTRACT, CITRUS AURANTIUM DULCIS (ORANGE) FRUIT EXTRACT, HYDROLYZED CICER SEED EXTRACT, PYRUS MALUS (APPLE) FRUIT EXTRACT, RHODODENDRON CHRYSANTHUM LEAF EXTRACT, VITIS VINIFERA (GRAPE) FRUIT EXTRACT, TRISODIUM ETHYLENEDIAMINE DISUCCINATE, CITRUS PARADISI (GRAPEFRUIT) PEEL OIL, SODIUM HYALURONATE, HYALURONIC ACID,HYDROLYZED HYALURONIC ACID, LITSEA CUBEBA FRUIT OIL, LAVANDULA HYBRIDA OIL, CITRUS AURANTIUM DULCIS (ORANGE) PEEL OIL, CYMBOPOGON CITRATUS LEAF OIL, PELARGONIUM GRAVEOLENS FLOWER OIL, EUCALYPTUS GLOBULUS LEAF OIL, CITRUS LIMON (LEMON) PEEL OIL, CYMBOPOGON NARDUS (CITRONELLA) OIL, MENTHA PIPERITA (PEPPERMINT) OIL, POGOSTEMON CABLIN OIL, CITRUS RETICULATA (TANGERINE) PEEL OIL, TOCOPHEROL,*CITRAL, *LIMONENE *NATURALLY OCCURRING IN ESSENTIAL OILS LISTED *NATURELLEMENT PR\u00c9SENT DANS LES HUILES ESSENTIELLES R\u00c9PERTORI\u00c9ES **Nudestix formulations are updated from time to time as part of our commitment to innovation and maintaining global compliance. Therefore, ingredient lists or claims shown here may differ from the box of the product depending on time and global region of purchase. *Naturally occurring in essential oils listed NUDESTIX formulations are updated from time to time as part of our commitment to innovation and maintaining global compliance. Therefore, ingredient lists or claims shown here may differ from the box of the product depending on time and global region of purchase. . The list of ingredients is subject to change, please consult the packaging of the product purchased.""}]";https://www.sephora.com/product/nudestix-5-citrus-fruit-glycolic-glow-toner-P504330?skuId=2647741;5% Citrus Fruit & Glycolic Glow Toner;https://www.sephora.com/productimages/sku/s2647741-main-zoom.jpg?pb=clean-at-sephora
32,2;da53f4c7f85cdb00;usd;maccosmetics.com;MAC Cosmetics - Official Site;Skincare;Primers;Prep + Prime Natural Radiance;;"Illuminating Primer, Hydrating, For All Skin Types
      





          A silky gel emulsion, rich in ingredients,  that hydrates and creates a smooth canvas for  foundation or powder application.  It's our best primer to achieve radiant, glowy skin.  Illuminating pearlescent powders reflect optic radiance. M∙A∙C Prep Prime Natural Radiance is now available in two shades: Radiant Yellow and Radiant Pink to accommodate a range of skin tones. The formula disappears upon application, resulting in a beautiful glow.
        




Read More


Read ";"Ingredients: Water\Aqua\Eau, Glycerin, Caprylic/Capric Triglyceride, Hydrogenated Polyisobutene, Propanediol, Tridecyl Trimellitate, Helianthus Annuus (Sunflower) Seed Oil, Cetearyl Alcohol, Tocopheryl Acetate, Sodium Hyaluronate, Lecithin, Squalane, Laminaria Saccharina Extract, Rosmarinus Officinalis (Rosemary) Leaf Extract, Hordeum Distichon (Barley) Extract\Extrait D'Orge A Deux Rangs, Hordeum Vulgare (Barley) Extract\Extrait D'Orge, Castanea Sativa (Chestnut) Seed Extract, Phellodendron Amurense Bark Extract, Salix Alba (Willow) Bark Extract, Triticum Vulgare (Wheat) Germ Extract, Citrus Reticulata (Tangerine) Peel Extract, Butyrospermum Parkii (Shea Butter), Ethylhexylglycerin, Caffeine, Cholesterol, Sodium Pca, Betaine, Trehalose, Phytosteryl/Octyldodecyl Lauroyl Glutamate, Methyl Gluceth-20, Neopentyl Glycol Diethylhexanoate, Butyl Avocadate, Potassium Palmitoyl Hydrolyzed Wheat Protein, Ergothioneine, Cetearyl Glucoside, Acrylates/C10-30 Alkyl Acrylate Crosspolymer, Silica, Polyquaternium-51, Acacia Senegal Gum, Potassium Hydroxide, Ammonium Acryloyldimethyltaurate/Vp Copolymer, Hdi/Ppg/Polycaprolactone Crosspolymer, Urea, Calcium Aluminum Borosilicate, Butylene Glycol, Glyceryl Stearate, Salicylic Acid, Alcohol, Disodium Edta, Tetrahexyldecyl Ascorbate, Phenoxyethanol, Potassium Sorbate, Titanium Dioxide (Ci 77891), Red 4 (Ci 14700), Yellow 6 (Ci 15985) 





            ILN44090
          



            PLEASE BE AWARE THAT INGREDIENT LISTS MAY CHANGE OR VARY FROM TIME TO TIME. PLEASE REFER TO THE INGREDIENT LIST ON THE PRODUCT PACKAGE YOU RECEIVE FOR THE MOST UP TO DATE LIST OF INGREDIENTS.";https://www.maccosmetics.com/product/13825/22076/products/skincare/primers/prep-prime-natural-radiance;Prep + Prime Natural Radiance;https://sdcdn.io/mac/us/mac_sku_MT5K02_1x1_0.png?width=1440&height=1440
30;dc8df3dbea653f11;USD;sephora.com;Clarins;Skincare;Lip Balms & Treatments;;"[""High Shine Finish"", ""allure 2023 Best of Beauty Award Winner"", ""Light Coverage"", ""Good for: Dryness"", ""Hydrating""]";What it is: A cocktail of unique oils that delivers thirst-quenching hydration, nourishment, protection, and visible repair for soothed, moisturized lips. Highlighted Ingredients: - Jojoba: Nourishes skin without a greasy feel. - Hazelnut: Nourishes skin and protects against dehydration. - Sweetbriar Rose: Nourishes and comforts skin. Ingredient Callouts: Free of parabens, phthalates, mineral oil, oxybenzone, sulfates SLS & SLES, triclocarban, and triclosan. What Else You Need to Know: Formulated with 93 percent natural-origin ingredients, including responsibly harvested plant oils, Lip Comfort Oil’s texture is rich and lightweight, never sticky. It forms a thin, protective veil that feels nearly invisible—and looks truly beautiful—on your lips. Clinical Results: In a 14-day satisfaction test of 106 women: - 98% said their lips were beautified after application - 85% said they woke up to nourished lips after using it as a night mask This product is an Allure Best of Beauty award winner. This product is ure Best of Beauty award winner.;"[{""ingredients"": ""-Jojoba : Nourrit la peau sans la sensation graisseuse -noisette : Nourrit la peau et la prot\u00e8ge contre la d\u00e9shydratation. -rose sucr\u00e9e : Nourrit et r\u00e9conforte la peau. Polyglyc\u00e9rol-2 Isostearate/Dimer Dilinooleate copolym\u00e8re, Simmondsia Chinensis (jojoba) huile de graine, acide Dilinol\u00e9ique/butanediol copolym\u00e8re, huile de graine de rubiginosa, Caprylic/Caprylique, ac\u00e9tate de copyloryl (diarque) Vanilline, ci 15985/Yellow 6 Lake, ci 17200/Red 33 Lake, ci 15850/Red 7 Lake, ci 45410/Red 27.""}]";https://www.sephora.com/product/clarins-lip-comfort-oil-P483060?skuId=2562932;Lip Comfort Hydrating Oil;https://www.sephora.com/productimages/sku/s2562932-main-zoom.jpg?pb=allure-2023-bestofbeauty-badge
22;def242348f374a1f;USD;sephora.com;Glow Recipe;Skincare;Lip Balms & Treatments;;"[""Hyaluronic Acid"", ""High Shine Finish"", ""Hydrating"", ""Good for: Dryness""]";What it is: A clinically tested, high-shine lip formula infused with hyaluronic microspheres to deliver penetrating, lasting hydration with a glass-like glow. Formulation Type: Lip Gloss / Lip Balm & Treatment Benefits: Hydrating, Long-wearing Highlighted Ingredients: - Hyaluronic Acid Microspheres: Flood lips with hydration, visibly fi lling and plumping lines. - Glycerin: Is rich in fatty acids, intensely hydrates, and protects against moisture loss. - Kakadu Plum and Raspberry Extract: Support collagen production and deliver antioxidants that nourish and protect. Ingredient Callouts: This product is vegan and cruelty-free. What Else You Need to Know: Clinically proven to hydrate lips for 12 hours. Innovative Hyaluronic Microspheres flood lips with moisture, smooth lines, and lock in hydration for a glass-like glow. Each shade delivers a sheer, juicy tint with a high-shine finish inspired by Bingsoo—the fruity, icy Korean dessert! Clean + Planet Aware Products formulated without certain ingredients, inclung parabens, sulfates, phthalates, and mineral oils, from brands that have met our specific criteria for ingredient sourcing and formulation, packaging, environmental commitments, and consumer transparency. Learn more here . Clinical Results: In an independent clinical study on 42 subjects, after 12 hours: - Hydration lasted for 12 hours In an independent consumer study on 42 subjects, after 1 week of use: - 97% agree lips feel softer & look juicy - 97% agree did not dry out lips - 95% agree lips look smoother;"[{""ingredients"": ""-Hyaluronic Microspheres: Flood lips with hydration, visibly filling and plumping lines. -Glycerin: Is rich in fatty acids, intensely hydrates, and protects against moisture loss. -Kakadu Plum and Raspberry Extract: Support collagen production and deliver antioxidants that nourish and protect. Polybutene, Hydrogenated Polyisobutene, Bis-Behenyl/Isostearyl/Phytosteryl Dimer Dilinoleyl Dimer Dilinoleate, Diisostearyl Malate, Caprylic/Capric Triglyceride, Synthetic Wax, Hydrogenated Styrene/Isoprene Copolymer, Sucrose Tetrastearate Triacetate, Trihydroxystearin, Euphorbia Cerifera (Candelilla) Wax, Tribehenin, Sodium Hyaluronate, Glycerin, Gardenia Florida Fruit Extract, Terminalia Ferdinandiana Fruit Extract, Rubus Idaeus (Raspberry) Leaf Extract, Prunus Salicina Fruit Extract, Dextrin Palmitate, Polyglyceryl-2 Diisostearate, Polyglyceryl-2 Triisostearate, Ethylhexyl Palmitate, Dehydroacetic Acid, Hydrogenated Styrene/Butadiene Copolymer, Water/Aqua/Eau, Polyglyceryl-3 Polyricinoleate, Pentaerythrityl Tetra-di-t-butyl Hydroxyhydrocinnamate, Benzyl Benzoate, Dimethyl Phenethyl Acetate, Sorbitan Sesquioleate, Stevia Rebaudiana Extract, Fragrance/Parfum, Limonene, Hexyl Cinnamal, CI 77891. The list of ingredients is subject to change. Please consult the packaging of the product purchased.""}]";https://www.sephora.com/product/glow-recipe-glass-balm-lip-treatment-for-shine-and-hydration-P515960?skuId=2874303;Glass Balm Lip Treatment for Shine & Hydration;https://www.sephora.com/productimages/sku/s2874303-av-1202505141037214070700-zoom.jpg?pb=clean-planet-aware
30;dff3d49db4abaca0;USD;sephora.com;Supergoop!;Skincare;Value & Gift Sets;;"[""Cruelty-Free"", ""Without Sulfates SLS & SLES"", ""Best for Dry, Combo, Normal Skin"", ""Vegan"", ""SPF"", ""Without Parabens""]";What it is: A set of three fan-favorite SPF essentials to unlock happier, healthier-looking skin with a head-to-toe suncare routine. Skin Type: Normal, Dry, and Combination Skincare Concerns: Pores Formulation: Liquid What Else You Need to Know: Unseen Sunscreen SPF 50 is the iconic 100 percent invisible, weightless, scentless sunscreen that disappears into skin, doubles as a primer, and is clinically tested to improve skin clarity.* Glowscreen SPF 40 is a glowy tinted sunscreen that is clinically tested to deliver all-day hydration** and primes for makeup with a radiant, sunkissed finish. PLAY Everyday Lotion SPF 50 is a fast-absorbing face and body sunscreen that’s water- and sweat-resistant for up to 80 minutes. *Based on an independent clinical study with 33 women after using product for four weeks. **Based on an independent clinical study with 33 participants after eight hours. This Set Contains: - 0.5 oz/ 15 mL Glowscreen SPF 40 (Sunrise) - 0.5 oz/ 15 mL Unseen Sunscreen SPF 50 - 1 oz/ 30 mL PLAY Everay Lotion SPF 50;"[{""ingredients"": ""Unseen Sunscreen SPF 50: Avobenzone 3%, Homosalate 7%, Octisalate 5%, Octocrylene 9%, Isododecane, Dimethicone/Bis-Isobutyl PPG-20 Crosspolymer, Dimethicone/Vinyl Dimethicone Crosspolymer, Dimethicone, Dimethicone Crosspolymer, Caprylic/Capric Triglyceride, Butyrospermum Parkii (Shea) Butter, Physalis Angulata Extract, Himanthalia Elongata Extract, Meadowfoam Estolide, Tocopherol, Jojoba Esters, Polymethylsilsesquioxane, Caprylyl Glycol, Diethylhexyl Syringylidenemalonate, Silica, Bisabolol, Dipotassium Glycyrrhizate. Glowscreen SPF 40: Avobenzone 3%, Octisalate 5%, Octocrylene 10%, Water, Propanediol, Butyloctyl Salicylate, Glycerin, C12-15 Alkyl Benzoate, Polymethylsilsesquioxane, Niacinamide, Glyceryl Stearate Citrate, Bismuth Oxychloride, Mica, Titanium Dioxide, Lauryl Lactate, Isododecane, Isodecyl Neopentanoate, Glyceryl Stearate, Diisopropyl Sebacate, Cetyl Phosphate, Caprylic/Capric Triglyceride, Coco-Caprylate, Ethylhexyl Hydroxystearate, Butylene Glycol, Arginine, Hydroxyacetophenone, Caprylyl Glycol, 1,2-Hexanediol, Iron Oxides, Sodium Hyaluronate, Chlorphenesin, Acrylates/C10-30 Alkyl Acrylate Crosspolymer, Trisodium Ethylenediamine Disuccinate, Phospholipids, Limonium Gerberi Extract, Leuconostoc/Radish Root Ferment Filtrate, Theobroma Cacao (Cocoa) Seed Extract, Pantothenic Acid, Tocopherol, Helianthus Annuus (Sunflower) Seed Oil, Ferulic Acid. PLAY Everyday Lotion SPF 50: Avobenzone 3%, Homosalate 10%, Octisalate 5%, Water, Polyester-8, Acrylates Copolymer, Diisopropyl Sebacate, Glycerin, Isodecyl Neopentanoate, Isododecane, Lauryl Lactate, Cetyl Alcohol, Potassium Cetyl Phosphate, Brassica Campestris/Aleurites Fordi Oil Copolymer, Oryza Sativa (Rice) Bran Extract, Cetearyl Olivate, Ammonium Acryloyldimethyltaurate/VP Copolymer, Hydroxyacetophenone, Sorbitan Olivate, Diethylhexyl Syringylidenemalonate, Aniba Rosaeodora (Rosewood) Wood Oil, Chlorphenesin, Citrus Aurantium Dulcis (Orange) Peel Oil, Citrus Limon (Lemon) Peel Oil, Ethylhexylglycerin, Eucalyptus Globulus Leaf Oil, Ocimum Basilicum (Basil) Flower/Leaf Extract, Pelargonium Graveolens Flower Oil, Pogostemon Cablin Oil, Pentylene Glycol, 1,2-Hexanediol, Caprylyl Glycol, Xanthan Gum, Helianthus Annuus (Sunflower) Extract, Behenic Acid, Cetyl Behenate, Isostearyl Isostearate, Trisodium Ethylenediamine Disuccinate, Tocopherol, Allantoin, Rosmarinus Officinalis (Rosemary) Leaf Extract, Caprylic/Capric Triglyceride, Panthenol, Pentasodium Triphosphate, Citric Acid.""}]";https://www.sephora.com/product/icons-only-spf-bestseller-kit-P515052?skuId=2839744;Icons Only SPF Bestseller Kit;https://www.sephora.com/productimages/sku/s2839744-main-zoom.jpg
45;e2d7401a8b254199;USD;sephora.com;Iris&Romeo;Skincare;Moisturizers;Mists & Essences;"[""Hydrating"", ""Clean at Sephora"", ""Good for: Loss of firmness"", ""Hyaluronic Acid"", ""Niacinamide"", ""Radiant Finish""]";What it is: A 3-in-1 serum spray, moisturizer, and luminizer—in one step—that hydrates, plumps, and soothes for a healthy moisture barrier & sophisticated glow. Skin Type: Normal, Dry, Combination, and Oily Skincare Concerns: Dryness, Dullness, and Uneven Texture Formulation: Spray Highlighted Ingredients: - Hyaluronic Acid: Has four molecular weights that penetrate, lock in moisture, and plump the look of fine lines. - Niacinamide: Reduces redness, calms skin, smooths texture, and visibly evens skin tone. - Ceramides: Replenishes moisture barrier and rebuilds bouncy, plump-looking skin. Ingredient Callouts: It is cruelty-free, vegan, and comes in recyclable packaging. What Else You Need to Know: This is a one-step skincare routine in the morning, before bed, and a go-to refresher whenever your skin needs it. The spray-on serum packs 10 percent active ingredients for lightweight, intense hydration, moisture barrier support, and improved texture—all with a luminous, soft glow. Clinical Results: In a constudy with 75 women ages 26-64, after using the product for 28 days: - 91% agreed skin felt soothed - 89% agreeed skin looked brighter - 88% agreed skin felt more hydrated Clean at Sephora is our commitment to offering effective products without certain ingredients, such as parabens, sulfates, phthalates, and mineral oils. Learn more here .;"[{""ingredients"": ""-Hyaluronic Acid: Has four molecular weights that penetrate, lock in moisture, and plump the look of fine lines. -Niacinamide: Reduces redness, calms skin, smooths texture, and visibly evens skin tone. -Ceramides: Replenishes moisture barrier and rebuilds bouncy-, plump-looking skin. Water/Aqua/Eau, Glycerin, Argania Spinosa Kernel Extract, Isopentyldiol, 1,2-Hexanediol, Propanediol, Betaine, Hydrogenated Lecithin, Panthenol, Citrullus Lanatus (Watermelon) Fruit Extract, Lens Esculenta (Lentil) Fruit Extract, Pyrus Malus (Apple) Fruit Extract, Triethyl Citrate, Niacinamide, Sodium Olivate, Sodium Lactate, Sodium Pca, Rosa Damascena Extract, Potassium Sorbate, Sodium Benzoate, Artemisia Capillaris Flower Extract, Citrus Aurantium Dulcis (Orange) Peel Extract, Pentylene Glycol, Citrus Limon (Lemon) Peel Extract, Citrus Nobilis (Mandarin Orange) Fruit Extract, Pelargonium Graveolens Extract, Sodium Acetylated Hyaluronate, Sodium Hyaluronate, Triolein, Sodium Hyaluronate Crosspolymer, Ceramide Np, Glyceryl Dioleate, Hydrolyzed Sodium Hyaluronate, Ethylhexylglycerin, Citronellol, Limonene. The list of ingredients is subject to change, please consult the packaging of the product purchased.""}]";https://www.sephora.com/product/the-reset-luminous-hyaluronic-acid-niacinamide-serum-spray-P509334?skuId=2745107;The Reset Luminous Hyaluronic Acid & Niacinamide Serum Spray;https://www.sephora.com/productimages/sku/s2745107-main-zoom.jpg?pb=clean-at-sephora
26;e31a1310fc13bf66;USD;sephora.com;MARA;Skincare;Lip Balms & Treatments;;"[""Volumizing"", ""Vegan"", ""Hydrating"", ""Plumping"", ""Vitamin C"", ""Good for: Dryness""]";What it is: A hydrating lip balm that moisturizes and soothes with active algae for lips like silk. Skin Type: Normal and Dry Skincare Concerns: Fine Lines and Wrinkles, Dryness, and Uneven Texture Formulation: Balm Highlighted Ingredients: - Algae Plumping Complex™: Plumps look of lips and visibly improves fullness and wrinkles. - Hydrating Seed Butters: Soothe dry, chapped lips. - Vegan Waxes: Nutrient-rich alternative to beeswax to lock in hydration. Ingredient Callouts: This product is vegan, gluten-free, cruelty-free, and comes in recyclable packaging. What Else You Need to Know: This formula is powered by algae to visibly improve fullness, signs of aging, and volume for a super juicy, plump pout. It also contains nourishing seed butters and super hydrators to flood parched skin with fatty acids and vitamins for soft, pillowy lips. Products formulated without certain ingredients, including parabens, sulfates, phthalates, and mineral oils, from brands that have met our specific criteria for ingredient srcing and formulation, packaging, environmental commitments, and consumer transparency. Learn more here .;"[{""ingredients"": ""-Algae Plumping Complex\u2122: Plumps look of lips and visibly improves fullness and wrinkles. -Hydrating Seed Butters: Soothe dry, chapped lips. -Vegan Waxes: Nutrient-rich alternative to beeswax to lock in hydration. Hydroxystearic/Linolenic/Oleic Polyglycerides, Ricinus Communis (Castor) Seed Oil, Oleic/Linoleic/Linolenic Polyglycerides, Vitis Vinifera (Grape) Seed Oil, Euphorbia Cerifera (Candelilla) Wax/Cire De Candelilla, Carthamus Tinctorius (Safflower) Seed Oil, Polyhydroxystearic AcidHelianthus Annuus (Sunflower) Seed Wax, Caprylic/Capric Triglyceride, Helianthus Annuus (Sunflower) Seed Oil, Tocopheryl Acetate, Mangifera Indica (Mango) Seed Butter, Butyrospermum Parkii (Shea) Butter, Platonia Insignis (Bacuri) Seed Butter, Ethylhexylglycerin, Caprylyl Glycol, Moringa Oleifera (Moringa) Seed Oil, Citrullus Lanatus (Watermelon) Seed Oil, Orbignya Oleifera (Babassu) Seed Oil, Citrus Aurantium Dulcis (Orange) Peel Oil, Citrus Aurantium Amara (Bitter Orange) Flower Oil, Citrus Aurantium Amara (Bitter Orange) Leaf/Twig Oil, Citrus Aurantium Bergamia (Bergamot) Fruit Oil, Citrus Paradisi (Grapefruit) Peel Oil, Rosmarinus Officinalis (Rosemary) Leaf ExtractHypnea Musciformis (Red Algae) ExtractUndaria Pinnatifida (Brown Algae) Extract, Dictyopteris Polypodioides Extract, TocopherolLimonene, LinaloolGeraniol, Titanium Dioxide (Ci 77891). . The list of ingredients is subject to change. Please consult the packaging of the product purchased.""}]";https://www.sephora.com/product/mara-beauty-sea-silk-lip-balm-P504134?skuId=2633105;Sea Silk Lip Balm;https://www.sephora.com/productimages/sku/s2633105-main-zoom.jpg?pb=clean-planet-aware
36;e42ac27483629bca;USD;sephora.com;CAY SKIN;Skincare;Sunscreen;Face Sunscreen;"[""FSA/HSA Eligible"", ""Vegan"", ""SPF"", ""Without Silicones"", ""Hydrating"", ""Niacinamide""]";What it is: A pearlescent, lightweight, and antioxidant-packed daily face sunscreen that gives skin an island glow and blends seamlessly on all skin tones. Skin Type: Normal, Dry, Combination, and Oily Skincare Concerns: Dryness, Dullness, and Uneven Texture Highlighted Ingredients: - Sea Moss: A nutrient-rich seaweed that strengthens the skin's moisture barrier. - Hydrating Nectar: CAY SKIN’s exclusive, plant-based nectar that replenishes moisture levels. - Niacinamide (Vitamin B3): A skin-loving vitamin that nourishes, visibly tones, and smooths skin. Ingredient Callouts: Free of parabens, formaldehydes, formaldehyde-releasing agents, phthalates, mineral oil, retinyl palmitate, oxybenzone, coal tar, hydroquinone, sulfates SLS & SLES, triclocarban, triclosan, and contains less than one percent synthetic fragrance. It is also vegan, gluten-free, and cruelty-free. What Else You Need to Know: This lightweight SPF has a unique glow-boosting nude pearl blend that applies faster and more seamlessly on all skin tes without leaving a white or silver cast. It is infused with vitamins and antioxidants, is silky smooth to apply, and protects skin from free radicals and blue light.;"[{""ingredients"": ""-Sea Moss: A nutrient-rich seaweed that strengthens the skin's moisture barrier. -Hydrating Nectar: CAY SKIN\u2019s exclusive, plant-based nectar that replenishes moisture levels. -Niacinamide (Vitamin B3): A skin-loving vitamin that nourishes, visibly tones, and smooths skin. Avobenzone 3% Sunscreen, Octisalate 5% Sunscreen, Octocrylene 10% Sunscreen, Water, Butyloctyl Salicylate, Sodium Potassium Aluminum Silicate, Diisopropyl Sebacate, Diisopropyl Adipate, C12-15 Alkyl Benzoate, Lauryl Lactate, Glycerin, Mica, Propanediol, Glyceryl Stearate, Citrullus Lanatus (Watermelon) Fruit Extract, Pyrus Malus (Apple) Fruit Extract, Lens Esculenta (Lentil) Fruit Extract, Chondrus Crispus Extract, Panthenol, Niacinamide, Ferulic Acid, Helianthus Annuus (Sunflower) Seed Oil, Theobroma Cacao (Cocoa) Seed Butter, Cetyl Phosphate, Glyceryl Stearate Citrate, Silica, Caprylyl Glycol, 1,2-Hexanediol, Acrylates/C10-30 Alkyl Acrylate Crosspolymer, Chlorphenesin, Aminomethyl Propanol, Disodium EDTA, Sodium Lactate, Sodium PCA, Vanilla Planifolia Fruit Extract, Santalum Album (Sandalwood) Oil, Rosa Damascena Flower Oil, Myroxylon Pereirae (Balsam Peru) Oil, Cupressus Sempervirens Leaf/Nut/Stem Oil, Coffea Arabica (Coffee) Seed Oil, Citrus Aurantium Bergamia (Bergamot) Fruit Oil, Citrus Aurantium Amara (Bitter Orange) Flower Oil, Amyris Balsamifera Bark Oil, Sodium Benzoate, Potassium Sorbate, Caprylic/Capric Triglyceride, Limonium Gerberi Extract, Limonene, Linalool, Benzyl Benzoate, Titanium Dioxide, Iron Oxides. .""}]";https://www.sephora.com/product/cay-skin-isle-glow-face-lotion-spf-45-P481366?skuId=2662971;Isle Glow Face Sunscreen Moisturizer SPF 45 with Sea Moss and Niacinamide;https://www.sephora.com/productimages/sku/s2662971-main-zoom.jpg
150;e791936c92eb7745;USD;sephora.com;Westman Atelier;Skincare;Treatments;Face Serums;"[""Good for: Redness"", ""Hyaluronic Acid"", ""Vegan"", ""Clean at Sephora"", ""Hydrating"", ""Good for: Anti-Aging""]";What it is: An all-in-one serum packed with 12 actives including hyaluronic acid, peptides, and niacinamide to visibly soften fine lines, boost firmness, and hydrate. Skin Type: Normal, Dry, Combination, and Oily Skincare Concerns: Fine Lines and Wrinkles, Firmness and Elasticity, and Uneven Texture. Formulation: Lightweight Serum Highlighted Ingredients: - Four Types of Hyaluronic Acid, Peptides, Noni Fruit: Flood skin with hydration, soften the look of fine lines, and support natural collagen. - Niacinamide: Visibly evens tone, targets pores and pigmentation. - Prickly Pear Cactus Extract: Soothes quickly and over time and supports skin’s barrier. Ingredient Callouts: This product is vegan and cruelty-free. What Else You Need to Know: This is a weightless serum for all skin types. Developed with Korea’s leading skin scientist and powered by a multi-lamellar delivery system, this formula deposits multiple actives—without disrupting skin. Wear alone to boost skin quality or as a makeup prep. It’s alsoce-free. Clinical Results: Based on an independent consumer study of 25 women, in just four weeks: - 92% said lines appear visibly softer, and skin feels firmer, springier - 100% said skin feels more hydrated with each use - 100% said skin feels calmer, soothed Clean at Sephora is our commitment to offering effective products without certain ingredients, such as parabens, sulfates, phthalates, and mineral oils. Learn more here .;"[{""ingredients"": ""-Four Types of Hyaluronic Acid, Peptides, Noni Fruit: Flood skin with hydration, soften the look of fine lines, and support natural collagen. -Niacinamide: Visibly evens tone, targets pores and pigmentation. -Prickly Pear Cactus Extract: Soothes quickly and over time and supports skin\u2019s barrier. Water, Glycerin, Pentylene Glycol, Niacinamide, Butylene Glycol, Morinda Citrifolia Fruit Juice, Caprylic/Capric Triglyceride, Propanediol, Lactobacillus Ferment, Glyceryl Caprylate, Polyglyceryl-10 Distearate, Glyceryl Stearate, Xantham Gum, Stearic Acid, Sorbitan Stearate, Sclerotium Gum, Lecithin, Pullulan, Saccharomyces Cerevisiae Extract, Opuntia Ficus-Indics Fruit Extract, Camellia Sinensis Leaf Extract, Arginine, Adenosine, Sodium Acetylated Hyaluraonate, Sodium Hyaluronate, Phenoxyethanol, Cystoseira Tamariscifolia Extract, Sodium Hyaluronate Crosspolymer, Glutamine, Ascorbyl Glucoside, Maltodexrin, Olive Glyceridees, Caprylyl Glycol, Sodium Benzoate, Silica, Potassium Sorbate, Hydrolized Sodium Hyaluronate, Biotinoyl Hexapeptide-2 Amide, Beta-Glucan, Pca, Myristyl Alcohol, Ceramide Np, Ethylhexylglycerin, Gluconolactone, Titanium Dioxide, Mica, Swertia Chirata Extract, Polygonum Cuspidatum Root Extract, Calsium Gluconate, Tin Oxide. The list of ingredients is subject to change, please consult the packaging of the product purchased.""}]";https://www.sephora.com/product/skin-activator-serum-with-hyaluronic-acid-niacinamide-P504921?skuId=2662161;Skin Activator Serum with Hyaluronic Acid + Niacinamide;https://www.sephora.com/productimages/sku/s2662161-main-zoom.jpg?pb=clean-at-sephora
16;e7e9c826b2089748;USD;sephora.com;Topicals;Skincare;Lip Balms & Treatments;;"[""Cruelty-Free"", ""Hydrating"", ""Vegan"", ""Good for: Dryness"", ""Hyaluronic Acid""]";What it is: A vegan, barrier-building balm that quickly hydrates, soothes, and protects dry, chapped lips, providing shine and relief that lasts all day. Skin Type: Normal, Dry, and Combination Skincare Concerns: Fine Lines and Wrinkles, Dryness, and Uneven Texture Formulation: Balm Highlighted Ingredients: - Hyaluronic Acid: Delivers immediate and intensive moisture that replenishes and visibly enhances lips. - Ceramides: Reinforce skin’s protective barrier, visibly improving lips. - Rice Bran Wax and Glycerin: Seal in hydration, soften, and condition. Ingredient Callouts: Free of parabens, formaldehydes, formaldehyde-releasing agents, phthalates, mineral oil, oxybenzone, hydroquinone, sulfates SLS & SLES, and contains less than one percent synthetic fragrance. It is also gluten-free and cruelty-free. What Else You Need to Know: Powered by peptides and a tri-ceramide complex to visibly diminish signs of aging, this minty, barrier-building balm provides intensive hydration for chronically dry lips, visibly proving their texture over time. The vegan formula protects and soothes, delivering long-lasting results.;"[{""ingredients"": ""-Hyaluronic Acid: Delivers immediate and intensive moisture that replenishes and visibly enhances lips. -Ceramides: Reinforce skin\u2019s protective barrier, visibly improving lips. -Rice Bran Wax and Glycerin: Seal in hydration, soften, and condition. Hydrogenated Polyisobutene, Ethylene/Propylene/Styrene Copolymer, Butylene/Ethylene/Styrene Copolymer, Oryza Sativa (Rice) Bran Wax, Ceramide NP, Ceramide AP, Ceramide EOP, Palmitoyl Tripeptide-38, Sodium Hyaluronate, Hydrolyzed Sodium Hyaluronate, Tocopheryl Acetate, Ergothioneine, Glycerin, Phytosphingosine, Cholesterol, Portulaca Pilosa Extract, Sucrose Cocoate, Panthenol, Sodium Lauroyl Lactylate, Carbomer, Xanthan Gum, Cetearyl Ethylhexanoate, Sorbitan Isostearate, Mentha Arvensis Leaf Oil, Mentha Piperita Flower/Stem/Leaf Oil, Water/Aqua/Eau.""}]";https://www.sephora.com/product/topicals-slick-salve-glossy-lip-balm-for-soothing-hydration-P509711?skuId=2740660;Slick Salve Glossy Lip Balm for Soothing + Hydration;https://www.sephora.com/productimages/sku/s2740660-main-zoom.jpg
38;e9e2b32425d42a8a;USD;sephora.com;Supergoop!;Skincare;Sunscreen;Face Sunscreen;"[""Non-Comedogenic"", ""Best for Dry, Combo, Normal Skin"", ""Cruelty-Free"", ""Fragrance Free"", ""Without Oxybenzone"", ""SPF""]";What it is: An iconic, 100 percent invisible, weightless, scentless sunscreen that doubles as a primer for all-day makeup wear. Skin Type: Normal, Dry, Combination, and Oily Skincare Concerns: Fine Lines and Wrinkles, Pores, and Dullness Formulation: Gel Highlighted Ingredients: - Chamomile-Derived Bisabolol and Licorice Root Complex: Soothes and helps visibly improve the skin’s clarity. - Meadowfoam Seed Oil: An emollient that supports the skin’s moisture barrier by locking in hydration. - Antioxidant-Rich Marine Algae: Helps protect against free radicals and pollution for healthier-looking skin. Ingredient Callouts: Free of parabens, formaldehydes, formaldehyde-releasing agents, phthalates, mineral oil, retinyl palmitate, oxybenzone, coal tar, hydroquinone, sulfates SLS & SLES, triclocarban, triclosan, and contains less than one percent synthetic fragrance. It is also vegan, gluten-free, and cruelty-free. What Else You Need to Know: This super-charged invisible primer is clinically tested to improve thelity of makeup for longer-lasting, all-day wear. It leaves skin perfectly prepped for makeup with a natural finish that visibly blurs pores with no white cast. Unseen Sunscreen improves skin clarity for smoother skin and is ideal for all skin types, even sensitive and acne-prone skin, with a non-acnegenic, nongreasy, and non-irritating formula. It provides broad spectrum SPF 50 protection to help prevent visible signs of aging. Clinical Results: In an independent clinical study with 33 women: - After using product for 4 weeks, non-acnegenic formula clinically tested for improved skin clarity - 8 hours after 1 application as compared to foundation alone, clinically tested to improve quality of makeup for longer-lasting, all-day wear In an independent consumer study with 106 participants, after 1 application: - 98% agreed it does not feel irritating on skin In an independent consumer study with 53 participants, after 1 application: - 92% agreed it does not settle into pores - 94% agreed it left skin perfectly primed for makeup;"[{""ingredients"": ""-Chamomile-Derived Bisabolol and Licorice Root Complex: Soothes and helps visibly improve the skin\u2019s clarity. -Meadowfoam Seed Oil: An emollient that supports the skin\u2019s moisture barrier by locking in hydration. -Antioxidant-Rich Marine Algae: Helps protect against free radicals and pollution for healthier-looking skin. Avobenzone 3%, Homosalate 7%, Octisalate 5%, Octocrylene 9%, Isododecane, Dimethicone/Bis-Isobutyl PPG-20 Crosspolymer, Dimethicone/Vinyl Dimethicone Crosspolymer, Dimethicone, Dimethicone Crosspolymer, Caprylic/Capric Triglyceride, Butyrospermum Parkii (Shea) Butter, Physalis Angulata Extract, Himanthalia Elongata Extract, Meadowfoam Estolide, Tocopherol, Jojoba Esters, Polymethylsilsesquioxane, Caprylyl Glycol, Diethylhexyl Syringylidenemalonate, Silica, Bisabolol, Dipotassium Glycyrrhizate.""}]";https://www.sephora.com/product/supergoop-unseen-sunscreen-invisible-broad-spectrum-spf-50-pa-P514631?skuId=2837938;Unseen Sunscreen Invisible Broad Spectrum SPF 50  PA +++;https://www.sephora.com/productimages/sku/s2837938-main-zoom.jpg
28;f8f49a31f7eb29fe;USD;sephora.com;Saint Jane Beauty;Skincare;Lip Balms & Treatments;;"[""Cruelty-Free"", ""Vitamin C"", ""Hydrating"", ""Clean at Sephora"", ""High Shine Finish"", ""Vegan""]";What it is: A silky, vitamin C-rich, meticulously clean gloss that intensely hydrates and supports collagen for plump-looking lips with a sheer wash of color. Formulation Type: Lip Gloss and Lip Balm & Treatment Benefits: Hydrating, Long-wearing, Plumping Highlighted Ingredients: - Chamomile: Soothes and intensely hydrates. - Grapefruit Seed Oil: A source of vitamin C that nourishes and leaves lips feeling renewed. - Sunflower Seed Oil: Rich in nutrients and antioxidants. Ingredient Callouts: This product is vegan, gluten-free, and cruelty-free. What Else You Need to Know: Formulated like an ultra-luxurious lip oil, this high-shine, silky lip gloss with a hint of shimmer is infused with eight clean, antioxidant-rich ingredients. The formula glides on smooth with calming florals like sunflower and chamomile, delivering a wash of luminous, sheer color. CLEAN at Sephora is our commitment to offering formulas that go beyond regulatory standards to avoid controversial ingredients without sacrificing on effectiveness.;"[{""ingredients"": ""-Chamomile: Soothes and intensely hydrates. -Grapefruit Seed Oil: A source of vitamin C that nourishes and leaves lips feeling renewed. -Sunflower Seed Oil: Rich in nutrients and antioxidants. Sunflower Seed Oil, Candelilla Wax, Shea Butter, Jojoba Seed Oil, Aloe Barbadensis, Chamomile Extract, Grapefruit Seed Extract. May Contain: Red #7, Mica (responsibly sourced). The list of ingredients is subject to change, please consult the packaging of the product purchased.""}]";https://www.sephora.com/product/luxury-lip-shine-longwear-hydration-gloss-with-vitamin-c-P501185?skuId=2599322;Luxury Lip Shine – Longwear Hydration Lip Oil with Vitamin;https://www.sephora.com/productimages/sku/s2599322-main-zoom.jpg?pb=clean-at-sephora
40;f9b1bf72a6b8c47f;USD;sephora.com;Supergoop!;Skincare;Sunscreen;Face Sunscreen;"[""Oil Free"", ""Mineral SPF"", ""Vegan"", ""Clean at Sephora"", ""Good for: Pores"", ""FSA/HSA Eligible""]";What it is: A mineral, mattifying tinted sunscreen that smooths skin's appearance, primes for makeup & prevents visible signs of aging with broad spectrum SPF. Skin Type: Normal, Combination, and Oily Skincare Concerns: Fine Lines/Wrinkles, Pores, and Oiliness Formulation: Cream Highlighted Ingredients: - Wild Butterfly Ginger: Helps protect skin from damage caused by blue light. - Bamboo Extract: Provides antioxidant properties to help protect from free-radical damage. Ingredient Callouts: This product is vegan, gluten-free, and cruelty-free. What Else You Need to Know: Mattescreen was created as a daily sunscreen option recommended for those with normal to oily & sensitive skin. Its tinted, blendable formula is designed to mattify & smooth skin's appearance while minimizing white cast. Mattescreen is free of pore-clogging oils & provides expert SPF protection. Clean at Sephora is our commitment to offering effective products without certain ingredients, such as parabens, sulfates, phthalates, and mineral oils. Learn more here .;"[{""ingredients"": ""-Wild Butterfly Ginger: Helps protect skin from damage caused by blue light. -Bamboo Extract: Provides antioxidant properties to help protect from free radical damage. Active Ingredients: Titanium Dioxide 1.33%, Zinc Oxide 17.42%. Inactive Ingredients: Dimethicone, Dimethicone Crosspolymer, Caprylic/Capric Triglyceride, Methyl Dihydroabietate, Polyhydroxystearic Acid, C9-12 Alkane, Glycerin, Iron Oxides (CI 77492), Ethylhexylglycerin, Water (Aqua), Coco-Caprylate/Caprate, Silica, Stearic Acid, Iron Oxides (CI 77491), Iron Oxides (CI 77499), Hedychium Coronarium Root Extract, Lactobacillus/Arundinaria Gigantea Leaf Ferment Filtrate, Leuconostoc/Radish Root Ferment Filtrate, Titanium Dioxide (CI 77891). . The list of ingredients is subject to change, please consult the packaging of the product purchased.""}]";https://www.sephora.com/product/supergoop-mineral-mattescreen-spf-40-pa-P476733?skuId=2458446;100% Mineral Mattescreen Sunscreen SPF 40;https://www.sephora.com/productimages/sku/s2458446-main-zoom.jpg?pb=clean-at-sephora
30;fab927b9147006d8;USD;sephora.com;Charlotte Tilbury;Skincare;Mini Size;;"[""Best for Dry, Combo, Normal Skin"", ""Vitamin C"", ""Good for: Loss of firmness"", ""Niacinamide"", ""Hydrating"", ""Good for: Pores""]";What it is: A Vitamin C and Polyglutamic Acid anti-aging serum that reduces appearance of dark spots, fine lines and wrinkles, visibly brightens, and plumps skin for flawless makeup application. Skin Type: Normal, Dry, Combination, and Oily Skincare Concerns: Dark spots, pores, and loss of firmness and elasticity Formulation: Lightweight Serum Highlighted Ingredients: - Golden Vitamin C: This more stable form of vitamin C evens and brightens skin tone more thoroughly than traditional vitamin C. - Polyglutamic Acid: Four times more hydrating than hyaluronic acid, it acts as a plumper-looking skin filter to reduce appearance of fine lines. - Niacinamide 5%: Minimizes the appearance of pores, improves visible skin texture and tone. Ingredient Callouts: Free of sulfates SLS and SLES, parabens, formaldehydes, formaldehyde-releasing agents, phthalates, mineral oil, retinyl palmitate, oxybenzone, coal tar, hydroquinone, triclosan, and triclocarban, and contains less than one percent of synthetic fragrances. This product is also vegan, cruelty-free, and gluten-free. What Else You Need to Know: With 28 years of experience working with all skin types, Charlotte knows what people want and need to achieve their best skin. Her passion to deliver efficacious solutions led her to work with expert scientists, leading dermatologists, and facialists to formulate a serum with groundbreaking ingredients. Clinical Results: In a clinical study of 209 people over 4 weeks: - 92% agree the redness of their skin is reduced - 91% agree pores appear tighter and more refined - 94% agree skin looks and feels firmer;"[{""ingredients"": ""-Golden Vitamin C: Visibly evens and brightens skin\u2019s tone. -Polyglutamic Acid: Acts as a visibly plumping skin filter to reduce the appearance of fine lines. -Niacinamide 5%: Minimizes the appearance of pores and improves the look of texture and tone. Aqua/Water/Eau, Niacinamide, Glycereth-26, Triheptanoin, Glycerin, Methyl Gluceth-20, Silica, Camellia Oleifera Seed Oil, Quartz Powder, Amethyst Powder, Ruby Powder, Gold, Butyrospermum Parkii (Shea) Oil, Phenoxyethanol, Dimethyl Isosorbide, Polysorbate 20, Glyceryl Stearate, Butylene Glycol, Octyldodecyl Oleate, Benzyl Alcohol, Myrothamnus Flabellifolia Leaf Extract, Peg-100 Stearate, Octyldodecyl Stearoyl Stearate, Schisandra Chinensis (Magnolia) Fruit Extract, Carbomer, Sodium Gluconate, Sodium Hyaluronate, Chondrus Crispus (Carrageenan) Extract, Sodium Hydroxide, Saussurea Involucrata Callus Extract, Tocopheryl Acetate, Aloe Barbadensis Leaf Juice, Polyglutamic Acid, Pentylene Glycol, Sorbitol, Magnesium Aspartate, Zinc Gluconate, Rosa Canina Fruit Extract, Polyhydroxystearic Acid, Octyldodecanol, Sodium Benzoate, Propanediol, Biosaccharide Gum-4, Xanthan Gum, Parfum (Fragrance), Plumeria Alba Flower Extract, Plumeria Rubra Flower Extract, Lithothamnion Calcareum Extract, Lactic Acid, Potassium Sorbate, Caprylyl Glycol, Copper Gluconate, Hydrated Silica, 1,2-Hexanediol, Citric Acid, Solanum Tuberosum (Potato) Pulp Extract, Acetyl Tetrapeptide-11, Acetyl Tetrapeptide-9, Dehydroacetic Acid, Ascorbic Acid, Glutathione, Limonene, Geraniol, Citronellol, Linalool, Citral.""}]";https://www.sephora.com/product/charlotte-tilbury-mini-magic-serum-crystal-elixir-P459835?skuId=2350643;Mini Charlotte’s Magic Serum with Vitamin;https://www.sephora.com/productimages/sku/s2350643-main-zoom.jpg
